Timestamp,IP Address,Server Port,Original URL
2023-12-20T12:25:37.753Z,::1,5673,/api
2023-12-20T12:25:37.827Z,::1,5273,/api
2023-12-20T12:25:37.874Z,::1,5973,/api
2023-12-20T12:25:37.879Z,::1,5773,/api
2023-12-20T12:25:37.930Z,::1,5573,/api
2023-12-20T12:25:37.941Z,::1,5073,/api
2023-12-20T12:25:37.941Z,::1,5473,/api
2023-12-20T12:25:37.942Z,::1,5373,/api
2023-12-20T12:25:37.942Z,::1,5973,/api
2023-12-20T12:25:37.943Z,::1,5073,/api
2023-12-20T12:25:37.943Z,::1,5073,/api
2023-12-20T12:25:37.944Z,::1,5973,/api
2023-12-20T12:25:37.944Z,::1,5273,/api
2023-12-20T12:25:37.944Z,::1,5673,/api
2023-12-20T12:25:37.945Z,::1,5073,/api
2023-12-20T12:25:37.945Z,::1,5673,/api
2023-12-20T12:25:37.945Z,::1,5873,/api
2023-12-20T12:25:37.945Z,::1,5573,/api
2023-12-20T12:25:37.945Z,::1,5673,/api
2023-12-20T12:25:37.946Z,::1,5273,/api
2023-12-20T12:25:37.946Z,::1,5873,/api
2023-12-20T12:25:37.946Z,::1,5673,/api
2023-12-20T12:25:37.946Z,::1,5673,/api
2023-12-20T12:25:37.946Z,::1,5273,/api
2023-12-20T12:25:37.946Z,::1,5473,/api
2023-12-20T12:25:37.947Z,::1,5673,/api
2023-12-20T12:25:37.947Z,::1,5773,/api
2023-12-20T12:25:37.947Z,::1,5473,/api
2023-12-20T12:25:37.947Z,::1,5373,/api
2023-12-20T12:25:37.947Z,::1,5273,/api
2023-12-20T12:25:37.948Z,::1,5073,/api
2023-12-20T12:25:37.948Z,::1,5473,/api
2023-12-20T12:25:37.951Z,::1,5173,/api
2023-12-20T12:25:37.953Z,::1,5673,/api
2023-12-20T12:25:37.953Z,::1,5673,/api
2023-12-20T12:25:37.954Z,::1,5773,/api
2023-12-20T12:25:37.954Z,::1,5673,/api
2023-12-20T12:25:37.955Z,::1,5673,/api
2023-12-20T12:25:37.956Z,::1,5473,/api
2023-12-20T12:25:37.957Z,::1,5273,/api
2023-12-20T12:25:37.958Z,::1,5973,/api
2023-12-20T12:25:37.958Z,::1,5373,/api
2023-12-20T12:25:37.958Z,::1,5073,/api
2023-12-20T12:25:37.959Z,::1,5773,/api
2023-12-20T12:25:37.959Z,::1,5873,/api
2023-12-20T12:25:37.959Z,::1,5473,/api
2023-12-20T12:25:37.959Z,::1,5073,/api
2023-12-20T12:25:37.960Z,::1,5673,/api
2023-12-20T12:25:37.960Z,::1,5273,/api
2023-12-20T12:25:37.961Z,::1,5873,/api
2023-12-20T12:25:37.961Z,::1,5073,/api
2023-12-20T12:25:37.961Z,::1,5973,/api
2023-12-20T12:25:37.962Z,::1,5873,/api
2023-12-20T12:25:37.962Z,::1,5473,/api
2023-12-20T12:25:37.962Z,::1,5473,/api
2023-12-20T12:25:37.962Z,::1,5573,/api
2023-12-20T12:25:37.963Z,::1,5973,/api
2023-12-20T12:25:37.963Z,::1,5473,/api
2023-12-20T12:25:37.964Z,::1,5573,/api
2023-12-20T12:25:37.965Z,::1,5073,/api
2023-12-20T12:25:37.969Z,::1,5973,/api
2023-12-20T12:25:37.970Z,::1,5373,/api
2023-12-20T12:25:37.971Z,::1,5373,/api
2023-12-20T12:25:37.975Z,::1,5473,/api
2023-12-20T12:25:37.975Z,::1,5073,/api
2023-12-20T12:25:37.977Z,::1,5673,/api
2023-12-20T12:25:37.978Z,::1,5473,/api
2023-12-20T12:25:37.978Z,::1,5973,/api
2023-12-20T12:25:37.979Z,::1,5773,/api
2023-12-20T12:25:37.980Z,::1,5473,/api
2023-12-20T12:25:37.980Z,::1,5873,/api
2023-12-20T12:25:37.981Z,::1,5573,/api
2023-12-20T12:25:37.982Z,::1,5473,/api
2023-12-20T12:25:37.982Z,::1,5173,/api
2023-12-20T12:25:37.985Z,::1,5273,/api
2023-12-20T12:25:37.986Z,::1,5073,/api
2023-12-20T12:25:37.986Z,::1,5273,/api
2023-12-20T12:25:37.986Z,::1,5673,/api
2023-12-20T12:25:37.986Z,::1,5073,/api
2023-12-20T12:25:37.986Z,::1,5973,/api
2023-12-20T12:25:37.988Z,::1,5873,/api
2023-12-20T12:25:37.989Z,::1,5973,/api
2023-12-20T12:25:37.990Z,::1,5273,/api
2023-12-20T12:25:37.991Z,::1,5073,/api
2023-12-20T12:25:37.992Z,::1,5873,/api
2023-12-20T12:25:37.992Z,::1,5673,/api
2023-12-20T12:25:37.993Z,::1,5073,/api
2023-12-20T12:25:37.993Z,::1,5573,/api
2023-12-20T12:25:37.995Z,::1,5673,/api
2023-12-20T12:25:37.996Z,::1,5073,/api
2023-12-20T12:25:37.996Z,::1,5273,/api
2023-12-20T12:25:37.996Z,::1,5973,/api
2023-12-20T12:25:37.997Z,::1,5473,/api
2023-12-20T12:25:37.997Z,::1,5373,/api
2023-12-20T12:25:37.998Z,::1,5873,/api
2023-12-20T12:25:37.999Z,::1,5873,/api
2023-12-20T12:25:37.999Z,::1,5873,/api
2023-12-20T12:25:38.000Z,::1,5473,/api
2023-12-20T12:25:38.001Z,::1,5473,/api
2023-12-20T12:25:38.001Z,::1,5873,/api
2023-12-20T12:25:38.001Z,::1,5273,/api
2023-12-20T12:25:38.001Z,::1,5473,/api
2023-12-20T12:25:38.004Z,::1,5873,/api
2023-12-20T12:25:38.007Z,::1,5973,/api
2023-12-20T12:25:38.013Z,::1,5073,/api
2023-12-20T12:25:38.022Z,::1,5573,/api
2023-12-20T12:25:38.023Z,::1,5873,/api
2023-12-20T12:25:38.023Z,::1,5473,/api
2023-12-20T12:25:38.024Z,::1,5873,/api
2023-12-20T12:25:38.025Z,::1,5273,/api
2023-12-20T12:25:38.028Z,::1,5873,/api
2023-12-20T12:25:38.028Z,::1,5673,/api
2023-12-20T12:25:38.029Z,::1,5173,/api
2023-12-20T12:25:38.029Z,::1,5173,/api
2023-12-20T12:25:38.081Z,::1,5773,/api
2023-12-20T12:25:38.081Z,::1,5073,/api
2023-12-20T12:25:38.083Z,::1,5073,/api
2023-12-20T12:25:38.084Z,::1,5673,/api
2023-12-20T12:25:38.085Z,::1,5873,/api
2023-12-20T12:25:38.086Z,::1,5273,/api
2023-12-20T12:25:38.087Z,::1,5873,/api
2023-12-20T12:25:38.099Z,::1,5873,/api
2023-12-20T12:25:38.100Z,::1,5573,/api
2023-12-20T12:25:38.100Z,::1,5073,/api
2023-12-20T12:25:38.100Z,::1,5273,/api
2023-12-20T12:25:38.101Z,::1,5473,/api
2023-12-20T12:25:38.101Z,::1,5673,/api
2023-12-20T12:25:38.101Z,::1,5573,/api
2023-12-20T12:25:38.101Z,::1,5273,/api
2023-12-20T12:25:38.214Z,::1,5173,/api
2023-12-20T12:25:38.229Z,::1,5973,/api
2023-12-20T12:25:38.231Z,::1,5873,/api
2023-12-20T12:25:38.232Z,::1,5573,/api
2023-12-20T12:25:38.232Z,::1,5473,/api
2023-12-20T12:25:38.254Z,::1,5073,/api
2023-12-20T12:25:38.266Z,::1,5673,/api
2023-12-20T12:25:38.268Z,::1,5173,/api
2023-12-20T12:25:38.268Z,::1,5773,/api
2023-12-20T12:25:38.270Z,::1,5073,/api
2023-12-20T12:25:38.270Z,::1,5473,/api
2023-12-20T12:25:38.271Z,::1,5673,/api
2023-12-20T12:25:38.271Z,::1,5573,/api
2023-12-20T12:25:38.272Z,::1,5773,/api
2023-12-20T12:25:38.273Z,::1,5473,/api
2023-12-20T12:25:38.274Z,::1,5073,/api
2023-12-20T12:25:38.274Z,::1,5873,/api
2023-12-20T12:25:38.274Z,::1,5573,/api
2023-12-20T12:25:38.275Z,::1,5473,/api
2023-12-20T12:25:38.275Z,::1,5673,/api
2023-12-20T12:25:38.275Z,::1,5973,/api
2023-12-20T12:25:38.276Z,::1,5673,/api
2023-12-20T12:25:38.276Z,::1,5873,/api
2023-12-20T12:25:38.277Z,::1,5373,/api
2023-12-20T12:25:38.277Z,::1,5373,/api
2023-12-20T12:25:38.277Z,::1,5273,/api
2023-12-20T12:25:38.277Z,::1,5073,/api
2023-12-20T12:25:38.278Z,::1,5373,/api
2023-12-20T12:25:38.278Z,::1,5273,/api
2023-12-20T12:25:38.278Z,::1,5273,/api
2023-12-20T12:25:38.279Z,::1,5673,/api
2023-12-20T12:25:38.280Z,::1,5873,/api
2023-12-20T12:25:38.281Z,::1,5873,/api
2023-12-20T12:25:38.282Z,::1,5573,/api
2023-12-20T12:25:38.284Z,::1,5273,/api
2023-12-20T12:25:38.284Z,::1,5673,/api
2023-12-20T12:25:38.285Z,::1,5473,/api
2023-12-20T12:25:38.287Z,::1,5073,/api
2023-12-20T12:25:38.289Z,::1,5973,/api
2023-12-20T12:25:38.289Z,::1,5973,/api
2023-12-20T12:25:38.289Z,::1,5373,/api
2023-12-20T12:25:38.290Z,::1,5873,/api
2023-12-20T12:25:38.290Z,::1,5373,/api
2023-12-20T12:25:38.291Z,::1,5873,/api
2023-12-20T12:25:38.292Z,::1,5673,/api
2023-12-20T12:25:38.293Z,::1,5473,/api
2023-12-20T12:25:38.294Z,::1,5373,/api
2023-12-20T12:25:38.295Z,::1,5573,/api
2023-12-20T12:25:38.289Z,::1,5073,/api
2023-12-20T12:25:38.295Z,::1,5873,/api
2023-12-20T12:25:38.298Z,::1,5073,/api
2023-12-20T12:25:38.298Z,::1,5073,/api
2023-12-20T12:25:38.299Z,::1,5673,/api
2023-12-20T12:25:38.300Z,::1,5573,/api
2023-12-20T12:25:38.300Z,::1,5573,/api
2023-12-20T12:25:38.304Z,::1,5073,/api
2023-12-20T12:25:38.305Z,::1,5073,/api
2023-12-20T12:25:38.308Z,::1,5873,/api
2023-12-20T12:25:38.309Z,::1,5673,/api
2023-12-20T12:25:38.310Z,::1,5473,/api
2023-12-20T12:25:38.311Z,::1,5673,/api
2023-12-20T12:25:38.311Z,::1,5673,/api
2023-12-20T12:25:38.313Z,::1,5673,/api
2023-12-20T12:25:38.317Z,::1,5273,/api
2023-12-20T12:25:38.318Z,::1,5873,/api
2023-12-20T12:25:38.318Z,::1,5473,/api
2023-12-20T12:25:38.318Z,::1,5273,/api
2023-12-20T12:25:38.318Z,::1,5773,/api
2023-12-20T12:25:38.319Z,::1,5673,/api
2023-12-20T12:25:38.319Z,::1,5673,/api
2023-12-20T12:25:38.319Z,::1,5373,/api
2023-12-20T12:25:38.319Z,::1,5673,/api
2023-12-20T12:25:38.319Z,::1,5573,/api
2023-12-20T12:25:38.320Z,::1,5373,/api
2023-12-20T12:25:38.320Z,::1,5573,/api
2023-12-20T12:25:38.320Z,::1,5973,/api
2023-12-20T12:25:38.320Z,::1,5173,/api
2023-12-20T12:25:38.320Z,::1,5573,/api
2023-12-20T12:25:38.321Z,::1,5673,/api
2023-12-20T12:25:38.321Z,::1,5573,/api
2023-12-20T12:25:38.321Z,::1,5973,/api
2023-12-20T12:25:38.321Z,::1,5273,/api
2023-12-20T12:25:38.322Z,::1,5973,/api
2023-12-20T12:25:38.323Z,::1,5473,/api
2023-12-20T12:25:38.328Z,::1,5473,/api
2023-12-20T12:25:38.329Z,::1,5173,/api
2023-12-20T12:25:38.330Z,::1,5673,/api
2023-12-20T12:25:38.331Z,::1,5073,/api
2023-12-20T12:25:38.331Z,::1,5173,/api
2023-12-20T12:25:38.333Z,::1,5473,/api
2023-12-20T12:25:38.334Z,::1,5473,/api
2023-12-20T12:25:38.335Z,::1,5673,/api
2023-12-20T12:25:38.336Z,::1,5673,/api
2023-12-20T12:25:38.336Z,::1,5973,/api
2023-12-20T12:25:38.341Z,::1,5473,/api
2023-12-20T12:25:38.341Z,::1,5673,/api
2023-12-20T12:25:38.343Z,::1,5773,/api
2023-12-20T12:25:38.343Z,::1,5673,/api
2023-12-20T12:25:38.343Z,::1,5373,/api
2023-12-20T12:25:38.344Z,::1,5173,/api
2023-12-20T12:25:38.344Z,::1,5873,/api
2023-12-20T12:25:38.344Z,::1,5473,/api
2023-12-20T12:25:38.344Z,::1,5873,/api
2023-12-20T12:25:38.345Z,::1,5673,/api
2023-12-20T12:25:38.345Z,::1,5873,/api
2023-12-20T12:25:38.345Z,::1,5273,/api
2023-12-20T12:25:38.345Z,::1,5973,/api
2023-12-20T12:25:38.346Z,::1,5373,/api
2023-12-20T12:25:38.347Z,::1,5173,/api
2023-12-20T12:25:38.348Z,::1,5373,/api
2023-12-20T12:25:38.351Z,::1,5473,/api
2023-12-20T12:25:38.355Z,::1,5273,/api
2023-12-20T12:25:38.356Z,::1,5373,/api
2023-12-20T12:25:38.357Z,::1,5673,/api
2023-12-20T12:25:38.362Z,::1,5473,/api
2023-12-20T12:25:38.365Z,::1,5873,/api
2023-12-20T12:25:38.366Z,::1,5773,/api
2023-12-20T12:25:38.367Z,::1,5873,/api
2023-12-20T12:25:38.368Z,::1,5773,/api
2023-12-20T12:25:38.368Z,::1,5273,/api
2023-12-20T12:25:38.369Z,::1,5573,/api
2023-12-20T12:25:38.370Z,::1,5773,/api
2023-12-20T12:25:38.370Z,::1,5873,/api
2023-12-20T12:25:38.371Z,::1,5373,/api
2023-12-20T12:25:38.372Z,::1,5273,/api
2023-12-20T12:25:38.374Z,::1,5073,/api
2023-12-20T12:25:38.374Z,::1,5973,/api
2023-12-20T12:25:38.335Z,::1,5173,/api
2023-12-20T12:25:38.391Z,::1,5173,/api
2023-12-20T12:25:38.393Z,::1,5973,/api
2023-12-20T12:25:38.395Z,::1,5573,/api
2023-12-20T12:25:38.395Z,::1,5973,/api
2023-12-20T12:25:38.397Z,::1,5473,/api
2023-12-20T12:25:38.398Z,::1,5073,/api
2023-12-20T12:25:38.431Z,::1,5673,/api
2023-12-20T12:25:38.447Z,::1,5173,/api
2023-12-20T12:25:38.538Z,::1,5473,/api
2023-12-20T12:25:38.540Z,::1,5473,/api
2023-12-20T12:25:38.541Z,::1,5073,/api
2023-12-20T12:25:38.544Z,::1,5073,/api
2023-12-20T12:25:38.546Z,::1,5873,/api
2023-12-20T12:25:38.547Z,::1,5773,/api
2023-12-20T12:25:38.549Z,::1,5073,/api
2023-12-20T12:25:38.551Z,::1,5373,/api
2023-12-20T12:25:38.552Z,::1,5673,/api
2023-12-20T12:25:38.554Z,::1,5773,/api
2023-12-20T12:25:38.556Z,::1,5673,/api
2023-12-20T12:25:38.556Z,::1,5373,/api
2023-12-20T12:25:38.557Z,::1,5773,/api
2023-12-20T12:25:38.559Z,::1,5273,/api
2023-12-20T12:25:38.561Z,::1,5873,/api
2023-12-20T12:25:38.561Z,::1,5673,/api
2023-12-20T12:25:38.562Z,::1,5473,/api
2023-12-20T12:25:38.563Z,::1,5573,/api
2023-12-20T12:25:38.564Z,::1,5673,/api
2023-12-20T12:25:38.564Z,::1,5373,/api
2023-12-20T12:25:38.565Z,::1,5073,/api
2023-12-20T12:25:38.566Z,::1,5273,/api
2023-12-20T12:25:38.566Z,::1,5373,/api
2023-12-20T12:25:38.566Z,::1,5073,/api
2023-12-20T12:25:38.567Z,::1,5073,/api
2023-12-20T12:25:38.567Z,::1,5773,/api
2023-12-20T12:25:38.567Z,::1,5073,/api
2023-12-20T12:25:38.567Z,::1,5273,/api
2023-12-20T12:25:38.568Z,::1,5073,/api
2023-12-20T12:25:38.568Z,::1,5873,/api
2023-12-20T12:25:38.568Z,::1,5673,/api
2023-12-20T12:25:38.568Z,::1,5173,/api
2023-12-20T12:25:38.568Z,::1,5473,/api
2023-12-20T12:25:38.571Z,::1,5473,/api
2023-12-20T12:25:38.573Z,::1,5973,/api
2023-12-20T12:25:38.573Z,::1,5073,/api
2023-12-20T12:25:38.573Z,::1,5373,/api
2023-12-20T12:25:38.574Z,::1,5073,/api
2023-12-20T12:25:38.574Z,::1,5673,/api
2023-12-20T12:25:38.574Z,::1,5273,/api
2023-12-20T12:25:38.574Z,::1,5273,/api
2023-12-20T12:25:38.574Z,::1,5473,/api
2023-12-20T12:25:38.582Z,::1,5673,/api
2023-12-20T12:25:38.584Z,::1,5273,/api
2023-12-20T12:25:38.585Z,::1,5273,/api
2023-12-20T12:25:38.586Z,::1,5873,/api
2023-12-20T12:25:38.587Z,::1,5073,/api
2023-12-20T12:25:38.588Z,::1,5473,/api
2023-12-20T12:25:38.589Z,::1,5473,/api
2023-12-20T12:25:38.591Z,::1,5473,/api
2023-12-20T12:25:38.592Z,::1,5573,/api
2023-12-20T12:25:38.594Z,::1,5873,/api
2023-12-20T12:25:38.595Z,::1,5473,/api
2023-12-20T12:25:38.596Z,::1,5673,/api
2023-12-20T12:25:38.597Z,::1,5673,/api
2023-12-20T12:25:38.598Z,::1,5673,/api
2023-12-20T12:25:38.599Z,::1,5873,/api
2023-12-20T12:25:38.600Z,::1,5573,/api
2023-12-20T12:25:38.601Z,::1,5273,/api
2023-12-20T12:25:38.601Z,::1,5273,/api
2023-12-20T12:25:38.601Z,::1,5173,/api
2023-12-20T12:25:38.602Z,::1,5573,/api
2023-12-20T12:25:38.602Z,::1,5973,/api
2023-12-20T12:25:38.602Z,::1,5173,/api
2023-12-20T12:25:38.607Z,::1,5073,/api
2023-12-20T12:25:38.612Z,::1,5073,/api
2023-12-20T12:25:38.614Z,::1,5273,/api
2023-12-20T12:25:38.615Z,::1,5773,/api
2023-12-20T12:25:38.616Z,::1,5273,/api
2023-12-20T12:25:38.616Z,::1,5473,/api
2023-12-20T12:25:38.617Z,::1,5373,/api
2023-12-20T12:25:38.625Z,::1,5073,/api
2023-12-20T12:25:38.636Z,::1,5673,/api
2023-12-20T12:25:38.637Z,::1,5673,/api
2023-12-20T12:25:38.638Z,::1,5773,/api
2023-12-20T12:25:38.638Z,::1,5673,/api
2023-12-20T12:25:38.638Z,::1,5073,/api
2023-12-20T12:25:38.639Z,::1,5873,/api
2023-12-20T12:25:38.640Z,::1,5273,/api
2023-12-20T12:25:38.640Z,::1,5073,/api
2023-12-20T12:25:38.640Z,::1,5073,/api
2023-12-20T12:25:38.641Z,::1,5273,/api
2023-12-20T12:25:38.644Z,::1,5873,/api
2023-12-20T12:25:38.644Z,::1,5173,/api
2023-12-20T12:25:38.645Z,::1,5973,/api
2023-12-20T12:25:38.658Z,::1,5073,/api
2023-12-20T12:25:38.669Z,::1,5473,/api
2023-12-20T12:25:38.669Z,::1,5073,/api
2023-12-20T12:25:38.670Z,::1,5073,/api
2023-12-20T12:25:38.670Z,::1,5073,/api
2023-12-20T12:25:38.670Z,::1,5073,/api
2023-12-20T12:25:38.671Z,::1,5773,/api
2023-12-20T12:25:38.671Z,::1,5173,/api
2023-12-20T12:25:38.672Z,::1,5273,/api
2023-12-20T12:25:38.672Z,::1,5973,/api
2023-12-20T12:25:38.672Z,::1,5773,/api
2023-12-20T12:25:38.672Z,::1,5373,/api
2023-12-20T12:25:38.674Z,::1,5873,/api
2023-12-20T12:25:38.680Z,::1,5173,/api
2023-12-20T12:25:38.682Z,::1,5773,/api
2023-12-20T12:25:38.684Z,::1,5073,/api
2023-12-20T12:25:38.685Z,::1,5673,/api
2023-12-20T12:25:38.686Z,::1,5173,/api
2023-12-20T12:25:38.687Z,::1,5273,/api
2023-12-20T12:25:38.687Z,::1,5273,/api
2023-12-20T12:25:38.688Z,::1,5973,/api
2023-12-20T12:25:38.689Z,::1,5873,/api
2023-12-20T12:25:38.690Z,::1,5273,/api
2023-12-20T12:25:38.691Z,::1,5073,/api
2023-12-20T12:25:38.692Z,::1,5273,/api
2023-12-20T12:25:38.694Z,::1,5273,/api
2023-12-20T12:25:38.696Z,::1,5673,/api
2023-12-20T12:25:38.696Z,::1,5073,/api
2023-12-20T12:25:38.698Z,::1,5973,/api
2023-12-20T12:25:38.697Z,::1,5873,/api
2023-12-20T12:25:38.700Z,::1,5073,/api
2023-12-20T12:25:38.700Z,::1,5073,/api
2023-12-20T12:25:38.601Z,::1,5573,/api
2023-12-20T12:25:38.611Z,::1,5773,/api
2023-12-20T12:25:38.612Z,::1,5873,/api
2023-12-20T12:25:38.810Z,::1,5573,/api
2023-12-20T12:25:38.814Z,::1,5873,/api
2023-12-20T12:25:38.815Z,::1,5873,/api
2023-12-20T12:25:38.816Z,::1,5673,/api
2023-12-20T12:25:38.817Z,::1,5673,/api
2023-12-20T12:25:38.824Z,::1,5773,/api
2023-12-20T12:25:38.816Z,::1,5273,/api
2023-12-20T12:25:38.816Z,::1,5873,/api
2023-12-20T12:25:38.816Z,::1,5673,/api
2023-12-20T12:25:38.912Z,::1,5673,/api
2023-12-20T12:25:38.924Z,::1,5673,/api
2023-12-20T12:25:38.932Z,::1,5873,/api
2023-12-20T12:25:38.933Z,::1,5873,/api
2023-12-20T12:25:38.937Z,::1,5473,/api
2023-12-20T12:25:38.930Z,::1,5673,/api
2023-12-20T12:25:38.956Z,::1,5573,/api
2023-12-20T12:25:38.958Z,::1,5273,/api
2023-12-20T12:25:38.960Z,::1,5273,/api
2023-12-20T12:25:38.968Z,::1,5973,/api
2023-12-20T12:25:38.969Z,::1,5473,/api
2023-12-20T12:25:38.970Z,::1,5573,/api
2023-12-20T12:25:38.970Z,::1,5673,/api
2023-12-20T12:25:38.971Z,::1,5473,/api
2023-12-20T12:25:38.973Z,::1,5773,/api
2023-12-20T12:25:38.976Z,::1,5073,/api
2023-12-20T12:25:38.980Z,::1,5273,/api
2023-12-20T12:25:38.981Z,::1,5873,/api
2023-12-20T12:25:38.981Z,::1,5473,/api
2023-12-20T12:25:38.981Z,::1,5173,/api
2023-12-20T12:25:38.997Z,::1,5473,/api
2023-12-20T12:25:39.009Z,::1,5973,/api
2023-12-20T12:25:39.017Z,::1,5873,/api
2023-12-20T12:25:39.080Z,::1,5673,/api
2023-12-20T12:25:39.114Z,::1,5173,/api
2023-12-20T12:25:39.116Z,::1,5473,/api
2023-12-20T12:25:39.116Z,::1,5073,/api
2023-12-20T12:25:39.111Z,::1,5073,/api
2023-12-20T12:25:39.121Z,::1,5373,/api
2023-12-20T12:25:39.123Z,::1,5773,/api
2023-12-20T12:25:39.124Z,::1,5173,/api
2023-12-20T12:25:39.126Z,::1,5073,/api
2023-12-20T12:25:39.126Z,::1,5073,/api
2023-12-20T12:25:39.126Z,::1,5573,/api
2023-12-20T12:25:39.129Z,::1,5573,/api
2023-12-20T12:25:39.131Z,::1,5873,/api
2023-12-20T12:25:39.139Z,::1,5373,/api
2023-12-20T12:25:39.171Z,::1,5973,/api
2023-12-20T12:25:39.178Z,::1,5573,/api
2023-12-20T12:25:39.187Z,::1,5673,/api
2023-12-20T12:25:39.187Z,::1,5273,/api
2023-12-20T12:25:39.221Z,::1,5373,/api
2023-12-20T12:25:39.259Z,::1,5773,/api
2023-12-20T12:25:39.260Z,::1,5973,/api
2023-12-20T12:25:39.261Z,::1,5773,/api
2023-12-20T12:25:39.263Z,::1,5673,/api
2023-12-20T12:25:39.266Z,::1,5273,/api
2023-12-20T12:25:39.268Z,::1,5173,/api
2023-12-20T12:25:39.268Z,::1,5873,/api
2023-12-20T12:25:39.270Z,::1,5673,/api
2023-12-20T12:25:39.273Z,::1,5673,/api
2023-12-20T12:25:39.275Z,::1,5073,/api
2023-12-20T12:25:39.277Z,::1,5573,/api
2023-12-20T12:25:39.279Z,::1,5773,/api
2023-12-20T12:25:39.280Z,::1,5673,/api
2023-12-20T12:25:39.282Z,::1,5273,/api
2023-12-20T12:25:39.283Z,::1,5373,/api
2023-12-20T12:25:39.284Z,::1,5873,/api
2023-12-20T12:25:39.284Z,::1,5673,/api
2023-12-20T12:25:39.284Z,::1,5473,/api
2023-12-20T12:25:39.285Z,::1,5473,/api
2023-12-20T12:25:39.286Z,::1,5873,/api
2023-12-20T12:25:39.287Z,::1,5073,/api
2023-12-20T12:25:39.290Z,::1,5673,/api
2023-12-20T12:25:39.296Z,::1,5473,/api
2023-12-20T12:25:39.298Z,::1,5673,/api
2023-12-20T12:25:39.299Z,::1,5173,/api
2023-12-20T12:25:39.300Z,::1,5373,/api
2023-12-20T12:25:39.301Z,::1,5573,/api
2023-12-20T12:25:39.302Z,::1,5073,/api
2023-12-20T12:25:39.303Z,::1,5873,/api
2023-12-20T12:25:39.304Z,::1,5473,/api
2023-12-20T12:25:39.307Z,::1,5173,/api
2023-12-20T12:25:39.308Z,::1,5873,/api
2023-12-20T12:25:39.309Z,::1,5873,/api
2023-12-20T12:25:39.309Z,::1,5273,/api
2023-12-20T12:25:39.310Z,::1,5073,/api
2023-12-20T12:25:39.311Z,::1,5373,/api
2023-12-20T12:25:39.312Z,::1,5273,/api
2023-12-20T12:25:39.313Z,::1,5373,/api
2023-12-20T12:25:39.317Z,::1,5673,/api
2023-12-20T12:25:39.319Z,::1,5473,/api
2023-12-20T12:25:39.320Z,::1,5673,/api
2023-12-20T12:25:39.383Z,::1,5273,/api
2023-12-20T12:25:39.412Z,::1,5573,/api
2023-12-20T12:25:39.413Z,::1,5073,/api
2023-12-20T12:25:39.415Z,::1,5073,/api
2023-12-20T12:25:39.416Z,::1,5473,/api
2023-12-20T12:25:39.417Z,::1,5873,/api
2023-12-20T12:25:39.417Z,::1,5073,/api
2023-12-20T12:25:39.418Z,::1,5873,/api
2023-12-20T12:25:39.419Z,::1,5073,/api
2023-12-20T12:25:39.419Z,::1,5773,/api
2023-12-20T12:25:39.420Z,::1,5073,/api
2023-12-20T12:25:39.420Z,::1,5273,/api
2023-12-20T12:25:39.421Z,::1,5273,/api
2023-12-20T12:25:39.422Z,::1,5273,/api
2023-12-20T12:25:39.424Z,::1,5073,/api
2023-12-20T12:25:39.425Z,::1,5373,/api
2023-12-20T12:25:39.423Z,::1,5473,/api
2023-12-20T12:25:39.427Z,::1,5573,/api
2023-12-20T12:25:39.428Z,::1,5873,/api
2023-12-20T12:25:39.432Z,::1,5973,/api
2023-12-20T12:25:39.433Z,::1,5573,/api
2023-12-20T12:25:39.433Z,::1,5873,/api
2023-12-20T12:25:39.434Z,::1,5473,/api
2023-12-20T12:25:39.434Z,::1,5873,/api
2023-12-20T12:25:39.434Z,::1,5973,/api
2023-12-20T12:25:39.434Z,::1,5473,/api
2023-12-20T12:25:39.435Z,::1,5073,/api
2023-12-20T12:25:39.435Z,::1,5673,/api
2023-12-20T12:25:39.435Z,::1,5673,/api
2023-12-20T12:25:39.435Z,::1,5773,/api
2023-12-20T12:25:39.436Z,::1,5073,/api
2023-12-20T12:25:39.437Z,::1,5473,/api
2023-12-20T12:25:39.439Z,::1,5773,/api
2023-12-20T12:25:39.439Z,::1,5273,/api
2023-12-20T12:25:39.440Z,::1,5673,/api
2023-12-20T12:25:39.443Z,::1,5473,/api
2023-12-20T12:25:39.462Z,::1,5873,/api
2023-12-20T12:25:39.463Z,::1,5973,/api
2023-12-20T12:25:39.467Z,::1,5173,/api
2023-12-20T12:25:39.471Z,::1,5073,/api
2023-12-20T12:25:39.472Z,::1,5873,/api
2023-12-20T12:25:38.925Z,::1,5573,/api
2023-12-20T12:25:39.493Z,::1,5973,/api
2023-12-20T12:25:39.499Z,::1,5973,/api
2023-12-20T12:25:39.500Z,::1,5473,/api
2023-12-20T12:25:39.768Z,::1,5873,/api
2023-12-20T12:26:58.907Z,::1,5773,/api
2023-12-20T12:26:58.937Z,::1,5273,/api
2023-12-20T12:26:58.939Z,::1,5073,/api
2023-12-20T12:26:58.939Z,::1,5973,/api
2023-12-20T12:26:58.940Z,::1,5473,/api
2023-12-20T12:26:58.940Z,::1,5473,/api
2023-12-20T12:26:58.941Z,::1,5173,/api
2023-12-20T12:26:58.941Z,::1,5573,/api
2023-12-20T12:26:58.941Z,::1,5173,/api
2023-12-20T12:26:58.942Z,::1,5573,/api
2023-12-20T12:26:58.942Z,::1,5873,/api
2023-12-20T12:26:58.943Z,::1,5273,/api
2023-12-20T12:26:58.943Z,::1,5773,/api
2023-12-20T12:26:58.944Z,::1,5673,/api
2023-12-20T12:26:58.945Z,::1,5573,/api
2023-12-20T12:26:58.945Z,::1,5773,/api
2023-12-20T12:26:58.946Z,::1,5073,/api
2023-12-20T12:26:58.946Z,::1,5873,/api
2023-12-20T12:26:58.947Z,::1,5273,/api
2023-12-20T12:26:58.947Z,::1,5473,/api
2023-12-20T12:26:58.948Z,::1,5273,/api
2023-12-20T12:26:58.948Z,::1,5473,/api
2023-12-20T12:26:58.949Z,::1,5873,/api
2023-12-20T12:26:58.949Z,::1,5073,/api
2023-12-20T12:26:58.949Z,::1,5473,/api
2023-12-20T12:26:58.950Z,::1,5373,/api
2023-12-20T12:26:58.950Z,::1,5873,/api
2023-12-20T12:26:58.951Z,::1,5073,/api
2023-12-20T12:26:58.951Z,::1,5673,/api
2023-12-20T12:26:58.951Z,::1,5473,/api
2023-12-20T12:26:58.952Z,::1,5273,/api
2023-12-20T12:26:58.952Z,::1,5073,/api
2023-12-20T12:26:58.952Z,::1,5873,/api
2023-12-20T12:26:58.953Z,::1,5073,/api
2023-12-20T12:26:58.953Z,::1,5173,/api
2023-12-20T12:26:58.953Z,::1,5273,/api
2023-12-20T12:26:58.954Z,::1,5173,/api
2023-12-20T12:26:58.955Z,::1,5073,/api
2023-12-20T12:26:58.958Z,::1,5473,/api
2023-12-20T12:26:58.959Z,::1,5973,/api
2023-12-20T12:26:58.963Z,::1,5373,/api
2023-12-20T12:26:58.963Z,::1,5473,/api
2023-12-20T12:26:58.964Z,::1,5473,/api
2023-12-20T12:26:58.967Z,::1,5173,/api
2023-12-20T12:26:58.967Z,::1,5173,/api
2023-12-20T12:26:58.968Z,::1,5673,/api
2023-12-20T12:26:58.968Z,::1,5373,/api
2023-12-20T12:26:58.968Z,::1,5773,/api
2023-12-20T12:26:58.969Z,::1,5473,/api
2023-12-20T12:26:58.969Z,::1,5373,/api
2023-12-20T12:26:58.969Z,::1,5473,/api
2023-12-20T12:26:58.972Z,::1,5273,/api
2023-12-20T12:26:58.972Z,::1,5873,/api
2023-12-20T12:26:58.972Z,::1,5073,/api
2023-12-20T12:26:58.973Z,::1,5073,/api
2023-12-20T12:26:58.973Z,::1,5473,/api
2023-12-20T12:26:58.972Z,::1,5173,/api
2023-12-20T12:26:58.974Z,::1,5673,/api
2023-12-20T12:26:58.974Z,::1,5273,/api
2023-12-20T12:26:58.974Z,::1,5273,/api
2023-12-20T12:26:58.973Z,::1,5273,/api
2023-12-20T12:26:58.974Z,::1,5273,/api
2023-12-20T12:26:58.974Z,::1,5273,/api
2023-12-20T12:26:58.975Z,::1,5073,/api
2023-12-20T12:26:58.973Z,::1,5773,/api
2023-12-20T12:26:58.973Z,::1,5673,/api
2023-12-20T12:26:58.975Z,::1,5073,/api
2023-12-20T12:26:58.978Z,::1,5073,/api
2023-12-20T12:26:58.980Z,::1,5173,/api
2023-12-20T12:26:58.981Z,::1,5473,/api
2023-12-20T12:26:58.977Z,::1,5873,/api
2023-12-20T12:26:58.977Z,::1,5873,/api
2023-12-20T12:26:58.981Z,::1,5273,/api
2023-12-20T12:26:58.982Z,::1,5673,/api
2023-12-20T12:26:58.982Z,::1,5773,/api
2023-12-20T12:26:58.981Z,::1,5373,/api
2023-12-20T12:26:58.982Z,::1,5473,/api
2023-12-20T12:26:58.983Z,::1,5673,/api
2023-12-20T12:26:58.983Z,::1,5873,/api
2023-12-20T12:26:58.981Z,::1,5773,/api
2023-12-20T12:26:58.982Z,::1,5673,/api
2023-12-20T12:26:58.977Z,::1,5373,/api
2023-12-20T12:26:58.984Z,::1,5273,/api
2023-12-20T12:26:58.984Z,::1,5273,/api
2023-12-20T12:26:58.984Z,::1,5073,/api
2023-12-20T12:26:58.984Z,::1,5273,/api
2023-12-20T12:26:58.984Z,::1,5873,/api
2023-12-20T12:26:58.985Z,::1,5073,/api
2023-12-20T12:26:58.985Z,::1,5473,/api
2023-12-20T12:26:58.985Z,::1,5573,/api
2023-12-20T12:26:58.985Z,::1,5173,/api
2023-12-20T12:26:58.985Z,::1,5873,/api
2023-12-20T12:26:58.986Z,::1,5573,/api
2023-12-20T12:26:58.986Z,::1,5673,/api
2023-12-20T12:26:58.986Z,::1,5673,/api
2023-12-20T12:26:58.986Z,::1,5573,/api
2023-12-20T12:26:58.986Z,::1,5473,/api
2023-12-20T12:26:58.987Z,::1,5473,/api
2023-12-20T12:26:58.987Z,::1,5173,/api
2023-12-20T12:26:58.988Z,::1,5173,/api
2023-12-20T12:26:58.993Z,::1,5373,/api
2023-12-20T12:26:58.983Z,::1,5773,/api
2023-12-20T12:26:58.983Z,::1,5673,/api
2023-12-20T12:26:58.983Z,::1,5473,/api
2023-12-20T12:26:58.994Z,::1,5973,/api
2023-12-20T12:26:58.994Z,::1,5673,/api
2023-12-20T12:26:58.997Z,::1,5473,/api
2023-12-20T12:26:58.999Z,::1,5173,/api
2023-12-20T12:26:58.999Z,::1,5373,/api
2023-12-20T12:26:59.000Z,::1,5473,/api
2023-12-20T12:26:59.000Z,::1,5773,/api
2023-12-20T12:26:59.000Z,::1,5773,/api
2023-12-20T12:26:59.001Z,::1,5673,/api
2023-12-20T12:26:59.001Z,::1,5773,/api
2023-12-20T12:26:59.001Z,::1,5573,/api
2023-12-20T12:26:59.001Z,::1,5373,/api
2023-12-20T12:26:59.002Z,::1,5073,/api
2023-12-20T12:26:59.004Z,::1,5073,/api
2023-12-20T12:26:59.005Z,::1,5073,/api
2023-12-20T12:26:59.006Z,::1,5873,/api
2023-12-20T12:26:59.006Z,::1,5273,/api
2023-12-20T12:26:59.006Z,::1,5173,/api
2023-12-20T12:26:59.007Z,::1,5673,/api
2023-12-20T12:26:59.007Z,::1,5073,/api
2023-12-20T12:26:59.007Z,::1,5273,/api
2023-12-20T12:26:59.007Z,::1,5873,/api
2023-12-20T12:26:59.007Z,::1,5473,/api
2023-12-20T12:26:59.008Z,::1,5573,/api
2023-12-20T12:26:59.008Z,::1,5773,/api
2023-12-20T12:26:59.008Z,::1,5173,/api
2023-12-20T12:26:59.009Z,::1,5573,/api
2023-12-20T12:26:59.009Z,::1,5973,/api
2023-12-20T12:26:59.009Z,::1,5273,/api
2023-12-20T12:26:59.009Z,::1,5573,/api
2023-12-20T12:26:59.010Z,::1,5873,/api
2023-12-20T12:26:59.010Z,::1,5973,/api
2023-12-20T12:26:59.010Z,::1,5873,/api
2023-12-20T12:26:59.010Z,::1,5773,/api
2023-12-20T12:26:59.010Z,::1,5473,/api
2023-12-20T12:26:59.011Z,::1,5073,/api
2023-12-20T12:26:59.011Z,::1,5973,/api
2023-12-20T12:26:59.011Z,::1,5273,/api
2023-12-20T12:26:59.011Z,::1,5973,/api
2023-12-20T12:26:59.011Z,::1,5873,/api
2023-12-20T12:26:59.012Z,::1,5273,/api
2023-12-20T12:26:59.012Z,::1,5973,/api
2023-12-20T12:26:59.012Z,::1,5673,/api
2023-12-20T12:26:59.012Z,::1,5673,/api
2023-12-20T12:26:59.012Z,::1,5973,/api
2023-12-20T12:26:59.013Z,::1,5473,/api
2023-12-20T12:26:59.013Z,::1,5273,/api
2023-12-20T12:26:59.013Z,::1,5573,/api
2023-12-20T12:26:59.013Z,::1,5873,/api
2023-12-20T12:26:59.014Z,::1,5873,/api
2023-12-20T12:26:59.014Z,::1,5673,/api
2023-12-20T12:26:59.014Z,::1,5473,/api
2023-12-20T12:26:59.014Z,::1,5273,/api
2023-12-20T12:26:59.014Z,::1,5373,/api
2023-12-20T12:26:59.015Z,::1,5473,/api
2023-12-20T12:26:59.015Z,::1,5873,/api
2023-12-20T12:26:59.015Z,::1,5573,/api
2023-12-20T12:26:59.015Z,::1,5973,/api
2023-12-20T12:26:59.015Z,::1,5873,/api
2023-12-20T12:26:59.016Z,::1,5573,/api
2023-12-20T12:26:59.016Z,::1,5373,/api
2023-12-20T12:26:59.016Z,::1,5873,/api
2023-12-20T12:26:59.016Z,::1,5673,/api
2023-12-20T12:26:59.017Z,::1,5673,/api
2023-12-20T12:26:59.017Z,::1,5873,/api
2023-12-20T12:26:59.017Z,::1,5473,/api
2023-12-20T12:26:59.017Z,::1,5773,/api
2023-12-20T12:26:59.017Z,::1,5073,/api
2023-12-20T12:26:59.018Z,::1,5273,/api
2023-12-20T12:26:59.018Z,::1,5673,/api
2023-12-20T12:26:59.018Z,::1,5973,/api
2023-12-20T12:26:59.018Z,::1,5273,/api
2023-12-20T12:26:59.018Z,::1,5373,/api
2023-12-20T12:26:59.018Z,::1,5473,/api
2023-12-20T12:26:59.019Z,::1,5573,/api
2023-12-20T12:26:59.019Z,::1,5273,/api
2023-12-20T12:26:59.019Z,::1,5773,/api
2023-12-20T12:26:59.020Z,::1,5673,/api
2023-12-20T12:26:59.020Z,::1,5673,/api
2023-12-20T12:26:59.020Z,::1,5273,/api
2023-12-20T12:26:59.020Z,::1,5373,/api
2023-12-20T12:26:59.021Z,::1,5873,/api
2023-12-20T12:26:59.021Z,::1,5073,/api
2023-12-20T12:26:59.021Z,::1,5473,/api
2023-12-20T12:26:59.021Z,::1,5673,/api
2023-12-20T12:26:59.022Z,::1,5673,/api
2023-12-20T12:26:59.029Z,::1,5573,/api
2023-12-20T12:26:59.031Z,::1,5273,/api
2023-12-20T12:26:59.031Z,::1,5173,/api
2023-12-20T12:26:59.031Z,::1,5273,/api
2023-12-20T12:26:59.031Z,::1,5473,/api
2023-12-20T12:26:59.031Z,::1,5273,/api
2023-12-20T12:26:59.032Z,::1,5373,/api
2023-12-20T12:26:59.032Z,::1,5273,/api
2023-12-20T12:26:59.032Z,::1,5073,/api
2023-12-20T12:26:59.032Z,::1,5273,/api
2023-12-20T12:26:59.032Z,::1,5773,/api
2023-12-20T12:26:59.039Z,::1,5873,/api
2023-12-20T12:26:59.040Z,::1,5873,/api
2023-12-20T12:26:59.040Z,::1,5873,/api
2023-12-20T12:26:59.040Z,::1,5673,/api
2023-12-20T12:26:59.040Z,::1,5673,/api
2023-12-20T12:26:59.040Z,::1,5573,/api
2023-12-20T12:26:59.041Z,::1,5673,/api
2023-12-20T12:26:59.041Z,::1,5373,/api
2023-12-20T12:26:59.041Z,::1,5973,/api
2023-12-20T12:26:59.041Z,::1,5273,/api
2023-12-20T12:26:59.041Z,::1,5473,/api
2023-12-20T12:26:59.042Z,::1,5873,/api
2023-12-20T12:26:59.042Z,::1,5873,/api
2023-12-20T12:26:59.042Z,::1,5673,/api
2023-12-20T12:26:59.042Z,::1,5973,/api
2023-12-20T12:26:59.043Z,::1,5273,/api
2023-12-20T12:26:59.043Z,::1,5673,/api
2023-12-20T12:26:59.043Z,::1,5473,/api
2023-12-20T12:26:59.043Z,::1,5073,/api
2023-12-20T12:26:59.043Z,::1,5773,/api
2023-12-20T12:26:59.045Z,::1,5173,/api
2023-12-20T12:26:59.047Z,::1,5473,/api
2023-12-20T12:26:59.047Z,::1,5973,/api
2023-12-20T12:26:59.047Z,::1,5573,/api
2023-12-20T12:26:59.048Z,::1,5973,/api
2023-12-20T12:26:59.048Z,::1,5573,/api
2023-12-20T12:26:59.048Z,::1,5873,/api
2023-12-20T12:26:59.048Z,::1,5073,/api
2023-12-20T12:26:59.049Z,::1,5873,/api
2023-12-20T12:26:59.049Z,::1,5973,/api
2023-12-20T12:26:59.049Z,::1,5973,/api
2023-12-20T12:26:59.049Z,::1,5573,/api
2023-12-20T12:26:59.050Z,::1,5873,/api
2023-12-20T12:26:59.050Z,::1,5873,/api
2023-12-20T12:26:59.050Z,::1,5473,/api
2023-12-20T12:26:59.050Z,::1,5873,/api
2023-12-20T12:26:59.051Z,::1,5973,/api
2023-12-20T12:26:59.051Z,::1,5073,/api
2023-12-20T12:26:59.051Z,::1,5273,/api
2023-12-20T12:26:59.051Z,::1,5673,/api
2023-12-20T12:26:59.054Z,::1,5673,/api
2023-12-20T12:26:59.057Z,::1,5473,/api
2023-12-20T12:26:59.057Z,::1,5273,/api
2023-12-20T12:26:59.057Z,::1,5373,/api
2023-12-20T12:26:59.057Z,::1,5873,/api
2023-12-20T12:26:59.058Z,::1,5873,/api
2023-12-20T12:26:59.058Z,::1,5573,/api
2023-12-20T12:26:59.058Z,::1,5173,/api
2023-12-20T12:26:59.058Z,::1,5473,/api
2023-12-20T12:26:59.059Z,::1,5873,/api
2023-12-20T12:26:59.059Z,::1,5173,/api
2023-12-20T12:26:59.059Z,::1,5973,/api
2023-12-20T12:26:59.059Z,::1,5773,/api
2023-12-20T12:26:59.059Z,::1,5873,/api
2023-12-20T12:26:59.060Z,::1,5673,/api
2023-12-20T12:26:59.060Z,::1,5573,/api
2023-12-20T12:26:59.060Z,::1,5073,/api
2023-12-20T12:26:59.060Z,::1,5973,/api
2023-12-20T12:26:59.063Z,::1,5473,/api
2023-12-20T12:26:59.064Z,::1,5273,/api
2023-12-20T12:26:59.064Z,::1,5573,/api
2023-12-20T12:26:59.064Z,::1,5973,/api
2023-12-20T12:26:59.065Z,::1,5773,/api
2023-12-20T12:26:59.065Z,::1,5773,/api
2023-12-20T12:26:59.065Z,::1,5273,/api
2023-12-20T12:26:59.065Z,::1,5473,/api
2023-12-20T12:26:59.066Z,::1,5373,/api
2023-12-20T12:26:59.069Z,::1,5473,/api
2023-12-20T12:26:59.070Z,::1,5673,/api
2023-12-20T12:26:59.070Z,::1,5973,/api
2023-12-20T12:26:59.070Z,::1,5373,/api
2023-12-20T12:26:59.071Z,::1,5673,/api
2023-12-20T12:26:59.071Z,::1,5473,/api
2023-12-20T12:26:59.072Z,::1,5973,/api
2023-12-20T12:26:59.072Z,::1,5073,/api
2023-12-20T12:26:59.072Z,::1,5773,/api
2023-12-20T12:26:59.073Z,::1,5073,/api
2023-12-20T12:26:59.073Z,::1,5973,/api
2023-12-20T12:26:59.074Z,::1,5773,/api
2023-12-20T12:26:59.075Z,::1,5473,/api
2023-12-20T12:26:59.076Z,::1,5973,/api
2023-12-20T12:26:59.076Z,::1,5473,/api
2023-12-20T12:26:59.076Z,::1,5473,/api
2023-12-20T12:26:59.077Z,::1,5573,/api
2023-12-20T12:26:59.077Z,::1,5873,/api
2023-12-20T12:26:59.077Z,::1,5073,/api
2023-12-20T12:26:59.081Z,::1,5173,/api
2023-12-20T12:26:59.081Z,::1,5673,/api
2023-12-20T12:26:59.081Z,::1,5573,/api
2023-12-20T12:26:59.082Z,::1,5373,/api
2023-12-20T12:26:59.082Z,::1,5773,/api
2023-12-20T12:26:59.082Z,::1,5073,/api
2023-12-20T12:26:59.082Z,::1,5273,/api
2023-12-20T12:26:59.082Z,::1,5573,/api
2023-12-20T12:26:59.082Z,::1,5273,/api
2023-12-20T12:26:59.083Z,::1,5273,/api
2023-12-20T12:26:59.083Z,::1,5673,/api
2023-12-20T12:26:59.083Z,::1,5073,/api
2023-12-20T12:26:59.083Z,::1,5973,/api
2023-12-20T12:26:59.084Z,::1,5873,/api
2023-12-20T12:26:59.084Z,::1,5273,/api
2023-12-20T12:26:59.084Z,::1,5773,/api
2023-12-20T12:26:59.084Z,::1,5473,/api
2023-12-20T12:26:59.084Z,::1,5473,/api
2023-12-20T12:26:59.084Z,::1,5573,/api
2023-12-20T12:26:59.085Z,::1,5473,/api
2023-12-20T12:26:59.085Z,::1,5473,/api
2023-12-20T12:26:59.085Z,::1,5273,/api
2023-12-20T12:26:59.085Z,::1,5073,/api
2023-12-20T12:26:59.085Z,::1,5873,/api
2023-12-20T12:26:59.089Z,::1,5573,/api
2023-12-20T12:26:59.091Z,::1,5673,/api
2023-12-20T12:26:59.091Z,::1,5273,/api
2023-12-20T12:26:59.094Z,::1,5173,/api
2023-12-20T12:26:59.095Z,::1,5873,/api
2023-12-20T12:26:59.095Z,::1,5773,/api
2023-12-20T12:26:59.095Z,::1,5273,/api
2023-12-20T12:26:59.095Z,::1,5973,/api
2023-12-20T12:26:59.096Z,::1,5873,/api
2023-12-20T12:26:59.096Z,::1,5773,/api
2023-12-20T12:26:59.096Z,::1,5073,/api
2023-12-20T12:26:59.096Z,::1,5873,/api
2023-12-20T12:26:59.096Z,::1,5373,/api
2023-12-20T12:26:59.097Z,::1,5873,/api
2023-12-20T12:26:59.097Z,::1,5773,/api
2023-12-20T12:26:59.097Z,::1,5673,/api
2023-12-20T12:26:59.097Z,::1,5573,/api
2023-12-20T12:26:59.097Z,::1,5173,/api
2023-12-20T12:26:59.114Z,::1,5673,/api
2023-12-20T12:26:59.143Z,::1,5473,/api
2023-12-20T12:26:59.144Z,::1,5873,/api
2023-12-20T12:26:59.159Z,::1,5373,/api
2023-12-20T12:26:59.159Z,::1,5873,/api
2023-12-20T12:26:59.158Z,::1,5273,/api
2023-12-20T12:26:59.181Z,::1,5373,/api
2023-12-20T12:26:59.183Z,::1,5873,/api
2023-12-20T12:26:59.184Z,::1,5073,/api
2023-12-20T12:26:59.230Z,::1,5873,/api
2023-12-20T12:26:59.238Z,::1,5673,/api
2023-12-20T12:26:59.239Z,::1,5873,/api
2023-12-20T12:26:59.246Z,::1,5473,/api
2023-12-20T12:26:59.247Z,::1,5073,/api
2023-12-20T12:26:59.248Z,::1,5373,/api
2023-12-20T12:26:59.249Z,::1,5273,/api
2023-12-20T12:26:59.253Z,::1,5073,/api
2023-12-20T12:26:59.254Z,::1,5873,/api
2023-12-20T12:26:59.255Z,::1,5873,/api
2023-12-20T12:26:59.263Z,::1,5073,/api
2023-12-20T12:26:59.273Z,::1,5473,/api
2023-12-20T12:26:59.274Z,::1,5073,/api
2023-12-20T12:26:59.274Z,::1,5273,/api
2023-12-20T12:26:59.274Z,::1,5773,/api
2023-12-20T12:26:59.279Z,::1,5673,/api
2023-12-20T12:26:59.130Z,::1,5273,/api
2023-12-20T12:26:59.286Z,::1,5673,/api
2023-12-20T12:26:59.292Z,::1,5773,/api
2023-12-20T12:26:59.296Z,::1,5773,/api
2023-12-20T12:26:59.297Z,::1,5873,/api
2023-12-20T12:26:59.298Z,::1,5173,/api
2023-12-20T12:26:59.299Z,::1,5173,/api
2023-12-20T12:26:59.301Z,::1,5473,/api
2023-12-20T12:26:59.303Z,::1,5973,/api
2023-12-20T12:26:59.304Z,::1,5273,/api
2023-12-20T12:26:59.305Z,::1,5073,/api
2023-12-20T12:26:59.306Z,::1,5273,/api
2023-12-20T12:26:59.307Z,::1,5873,/api
2023-12-20T12:26:59.308Z,::1,5973,/api
2023-12-20T12:26:59.310Z,::1,5473,/api
2023-12-20T12:26:59.311Z,::1,5073,/api
2023-12-20T12:26:59.312Z,::1,5673,/api
2023-12-20T12:26:59.313Z,::1,5073,/api
2023-12-20T12:26:59.314Z,::1,5673,/api
2023-12-20T12:26:59.321Z,::1,5073,/api
2023-12-20T12:26:59.322Z,::1,5973,/api
2023-12-20T12:26:59.323Z,::1,5273,/api
2023-12-20T12:26:59.325Z,::1,5273,/api
2023-12-20T12:26:59.325Z,::1,5573,/api
2023-12-20T12:26:59.325Z,::1,5273,/api
2023-12-20T12:26:59.329Z,::1,5473,/api
2023-12-20T12:26:59.351Z,::1,5073,/api
2023-12-20T12:26:59.351Z,::1,5273,/api
2023-12-20T12:26:59.352Z,::1,5373,/api
2023-12-20T12:26:59.352Z,::1,5473,/api
2023-12-20T12:26:59.356Z,::1,5073,/api
2023-12-20T12:26:59.356Z,::1,5273,/api
2023-12-20T12:26:59.373Z,::1,5973,/api
2023-12-20T12:26:59.386Z,::1,5173,/api
2023-12-20T12:26:59.387Z,::1,5673,/api
2023-12-20T12:26:59.388Z,::1,5473,/api
2023-12-20T12:26:59.389Z,::1,5873,/api
2023-12-20T12:26:59.390Z,::1,5573,/api
2023-12-20T12:26:59.392Z,::1,5173,/api
2023-12-20T12:26:59.393Z,::1,5673,/api
2023-12-20T12:26:59.395Z,::1,5573,/api
2023-12-20T12:26:59.395Z,::1,5273,/api
2023-12-20T12:26:59.395Z,::1,5273,/api
2023-12-20T12:26:59.396Z,::1,5773,/api
2023-12-20T12:26:59.398Z,::1,5973,/api
2023-12-20T12:26:59.399Z,::1,5373,/api
2023-12-20T12:26:59.400Z,::1,5973,/api
2023-12-20T12:26:59.401Z,::1,5073,/api
2023-12-20T12:26:59.401Z,::1,5573,/api
2023-12-20T12:26:59.402Z,::1,5573,/api
2023-12-20T12:26:59.405Z,::1,5273,/api
2023-12-20T12:26:59.405Z,::1,5873,/api
2023-12-20T12:26:59.405Z,::1,5873,/api
2023-12-20T12:26:59.406Z,::1,5073,/api
2023-12-20T12:26:59.406Z,::1,5273,/api
2023-12-20T12:26:59.406Z,::1,5673,/api
2023-12-20T12:26:59.410Z,::1,5873,/api
2023-12-20T12:26:59.410Z,::1,5273,/api
2023-12-20T12:26:59.411Z,::1,5573,/api
2023-12-20T12:26:59.411Z,::1,5873,/api
2023-12-20T12:26:59.420Z,::1,5273,/api
2023-12-20T12:26:59.423Z,::1,5173,/api
2023-12-20T12:26:59.425Z,::1,5973,/api
2023-12-20T12:26:59.426Z,::1,5073,/api
2023-12-20T12:26:59.427Z,::1,5073,/api
2023-12-20T12:26:59.429Z,::1,5673,/api
2023-12-20T12:26:59.430Z,::1,5873,/api
2023-12-20T12:26:59.432Z,::1,5073,/api
2023-12-20T12:26:59.433Z,::1,5673,/api
2023-12-20T12:26:59.434Z,::1,5473,/api
2023-12-20T12:26:59.438Z,::1,5873,/api
2023-12-20T12:26:59.440Z,::1,5073,/api
2023-12-20T12:26:59.441Z,::1,5573,/api
2023-12-20T12:26:59.443Z,::1,5173,/api
2023-12-20T12:26:59.444Z,::1,5073,/api
2023-12-20T12:26:59.446Z,::1,5873,/api
2023-12-20T12:26:59.446Z,::1,5073,/api
2023-12-20T12:26:59.446Z,::1,5073,/api
2023-12-20T12:26:59.445Z,::1,5173,/api
2023-12-20T12:26:59.451Z,::1,5273,/api
2023-12-20T12:26:59.463Z,::1,5073,/api
2023-12-20T12:26:59.465Z,::1,5973,/api
2023-12-20T12:26:59.466Z,::1,5373,/api
2023-12-20T12:26:59.462Z,::1,5773,/api
2023-12-20T12:26:59.467Z,::1,5473,/api
2023-12-20T12:26:59.464Z,::1,5873,/api
2023-12-20T12:26:59.471Z,::1,5373,/api
2023-12-20T12:26:59.473Z,::1,5773,/api
2023-12-20T12:26:59.474Z,::1,5473,/api
2023-12-20T12:26:59.475Z,::1,5673,/api
2023-12-20T12:26:59.481Z,::1,5073,/api
2023-12-20T12:26:59.482Z,::1,5773,/api
2023-12-20T12:26:59.483Z,::1,5573,/api
2023-12-20T12:26:59.484Z,::1,5473,/api
2023-12-20T12:26:59.485Z,::1,5073,/api
2023-12-20T12:26:59.487Z,::1,5473,/api
2023-12-20T12:26:59.488Z,::1,5673,/api
2023-12-20T12:26:59.489Z,::1,5273,/api
2023-12-20T12:26:59.490Z,::1,5573,/api
2023-12-20T12:26:59.491Z,::1,5473,/api
2023-12-20T12:26:59.493Z,::1,5573,/api
2023-12-20T12:26:59.494Z,::1,5773,/api
2023-12-20T12:26:59.495Z,::1,5073,/api
2023-12-20T12:26:59.576Z,::1,5173,/api
2023-12-20T12:26:59.582Z,::1,5873,/api
2023-12-20T12:26:59.583Z,::1,5373,/api
2023-12-20T12:26:59.584Z,::1,5273,/api
2023-12-20T12:26:59.584Z,::1,5173,/api
2023-12-20T12:26:59.586Z,::1,5273,/api
2023-12-20T12:26:59.586Z,::1,5073,/api
2023-12-20T12:26:59.589Z,::1,5573,/api
2023-12-20T12:26:59.590Z,::1,5973,/api
2023-12-20T12:26:59.590Z,::1,5073,/api
2023-12-20T12:26:59.598Z,::1,5973,/api
2023-12-20T12:26:59.599Z,::1,5873,/api
2023-12-20T12:26:59.600Z,::1,5373,/api
2023-12-20T12:26:59.601Z,::1,5273,/api
2023-12-20T12:26:59.603Z,::1,5873,/api
2023-12-20T12:26:59.604Z,::1,5773,/api
2023-12-20T12:26:59.605Z,::1,5773,/api
2023-12-20T12:26:59.606Z,::1,5773,/api
2023-12-20T12:26:59.607Z,::1,5873,/api
2023-12-20T12:26:59.610Z,::1,5473,/api
2023-12-20T12:26:59.617Z,::1,5073,/api
2023-12-20T12:26:59.618Z,::1,5973,/api
2023-12-20T12:26:59.619Z,::1,5973,/api
2023-12-20T12:26:59.619Z,::1,5173,/api
2023-12-20T12:26:59.623Z,::1,5773,/api
2023-12-20T12:26:59.626Z,::1,5673,/api
2023-12-20T12:26:59.629Z,::1,5873,/api
2023-12-20T12:26:59.631Z,::1,5473,/api
2023-12-20T12:26:59.637Z,::1,5973,/api
2023-12-20T12:26:59.641Z,::1,5473,/api
2023-12-20T12:26:59.643Z,::1,5873,/api
2023-12-20T12:26:59.644Z,::1,5273,/api
2023-12-20T12:26:59.644Z,::1,5673,/api
2023-12-20T12:26:59.645Z,::1,5273,/api
2023-12-20T12:26:59.649Z,::1,5873,/api
2023-12-20T12:26:59.649Z,::1,5773,/api
2023-12-20T12:26:59.649Z,::1,5073,/api
2023-12-20T12:26:59.649Z,::1,5073,/api
2023-12-20T12:26:59.650Z,::1,5373,/api
2023-12-20T12:26:59.650Z,::1,5073,/api
2023-12-20T12:26:59.650Z,::1,5473,/api
2023-12-20T12:26:59.650Z,::1,5373,/api
2023-12-20T12:26:59.651Z,::1,5573,/api
2023-12-20T12:26:59.650Z,::1,5973,/api
2023-12-20T12:26:59.651Z,::1,5373,/api
2023-12-20T12:26:59.651Z,::1,5473,/api
2023-12-20T12:26:59.651Z,::1,5073,/api
2023-12-20T12:26:59.651Z,::1,5073,/api
2023-12-20T12:26:59.649Z,::1,5873,/api
2023-12-20T12:26:59.651Z,::1,5373,/api
2023-12-20T12:26:59.651Z,::1,5273,/api
2023-12-20T12:26:59.652Z,::1,5273,/api
2023-12-20T12:26:59.652Z,::1,5773,/api
2023-12-20T12:26:59.652Z,::1,5373,/api
2023-12-20T12:26:59.653Z,::1,5273,/api
2023-12-20T12:26:59.657Z,::1,5073,/api
2023-12-20T12:26:59.658Z,::1,5673,/api
2023-12-20T12:26:59.659Z,::1,5473,/api
2023-12-20T12:26:59.659Z,::1,5773,/api
2023-12-20T12:26:59.658Z,::1,5873,/api
2023-12-20T12:26:59.659Z,::1,5773,/api
2023-12-20T12:26:59.659Z,::1,5673,/api
2023-12-20T12:26:59.657Z,::1,5673,/api
2023-12-20T12:26:59.660Z,::1,5973,/api
2023-12-20T12:26:59.659Z,::1,5873,/api
2023-12-20T12:26:59.660Z,::1,5273,/api
2023-12-20T12:26:59.660Z,::1,5073,/api
2023-12-20T12:26:59.660Z,::1,5473,/api
2023-12-20T12:26:59.661Z,::1,5073,/api
2023-12-20T12:26:59.663Z,::1,5073,/api
2023-12-20T12:26:59.658Z,::1,5073,/api
2023-12-20T12:26:59.702Z,::1,5573,/api
2023-12-20T12:26:59.720Z,::1,5873,/api
2023-12-20T12:26:59.720Z,::1,5973,/api
2023-12-20T12:26:59.721Z,::1,5073,/api
2023-12-20T12:26:59.721Z,::1,5273,/api
2023-12-20T12:26:59.777Z,::1,5673,/api
2023-12-20T12:26:59.777Z,::1,5773,/api
2023-12-20T12:26:59.781Z,::1,5473,/api
2023-12-20T12:26:59.783Z,::1,5773,/api
2023-12-20T12:26:59.784Z,::1,5873,/api
2023-12-20T12:26:59.785Z,::1,5473,/api
2023-12-20T12:26:59.792Z,::1,5373,/api
2023-12-20T12:26:59.796Z,::1,5473,/api
2023-12-20T12:26:59.804Z,::1,5473,/api
2023-12-20T12:26:59.809Z,::1,5173,/api
2023-12-20T12:26:59.816Z,::1,5873,/api
2023-12-20T12:26:59.817Z,::1,5273,/api
2023-12-20T12:26:59.818Z,::1,5773,/api
2023-12-20T12:26:59.822Z,::1,5373,/api
2023-12-20T12:26:59.824Z,::1,5873,/api
2023-12-20T12:26:59.824Z,::1,5773,/api
2023-12-20T12:26:59.831Z,::1,5273,/api
2023-12-20T12:26:59.833Z,::1,5073,/api
2023-12-20T12:26:59.834Z,::1,5673,/api
2023-12-20T12:26:59.837Z,::1,5473,/api
2023-12-20T12:26:59.876Z,::1,5173,/api
2023-12-20T12:26:59.879Z,::1,5773,/api
2023-12-20T12:26:59.883Z,::1,5873,/api
2023-12-20T12:26:59.884Z,::1,5273,/api
2023-12-20T12:26:59.884Z,::1,5773,/api
2023-12-20T12:26:59.884Z,::1,5273,/api
2023-12-20T12:26:59.884Z,::1,5473,/api
2023-12-20T12:26:59.885Z,::1,5973,/api
2023-12-20T12:26:59.885Z,::1,5073,/api
2023-12-20T12:26:59.885Z,::1,5473,/api
2023-12-20T12:26:59.885Z,::1,5673,/api
2023-12-20T12:26:59.885Z,::1,5273,/api
2023-12-20T12:26:59.885Z,::1,5673,/api
2023-12-20T12:26:59.888Z,::1,5373,/api
2023-12-20T12:26:59.906Z,::1,5073,/api
2023-12-20T12:26:59.913Z,::1,5873,/api
2023-12-20T12:26:59.918Z,::1,5673,/api
2023-12-20T12:26:59.920Z,::1,5273,/api
2023-12-20T12:26:59.923Z,::1,5473,/api
2023-12-20T12:26:59.924Z,::1,5973,/api
2023-12-20T12:26:59.926Z,::1,5673,/api
2023-12-20T12:26:59.928Z,::1,5073,/api
2023-12-20T12:26:59.935Z,::1,5373,/api
2023-12-20T12:26:59.937Z,::1,5473,/api
2023-12-20T12:26:59.938Z,::1,5473,/api
2023-12-20T12:26:59.939Z,::1,5273,/api
2023-12-20T12:26:59.944Z,::1,5473,/api
2023-12-20T12:26:59.945Z,::1,5273,/api
2023-12-20T12:26:59.946Z,::1,5673,/api
2023-12-20T12:26:59.947Z,::1,5273,/api
2023-12-20T12:26:59.950Z,::1,5473,/api
2023-12-20T12:26:59.952Z,::1,5273,/api
2023-12-20T12:27:00.021Z,::1,5273,/api
2023-12-20T12:27:00.079Z,::1,5473,/api
2023-12-20T12:27:00.080Z,::1,5873,/api
2023-12-20T12:27:00.080Z,::1,5873,/api
2023-12-20T12:27:00.081Z,::1,5273,/api
2023-12-20T12:27:00.081Z,::1,5073,/api
2023-12-20T12:27:00.081Z,::1,5473,/api
2023-12-20T12:27:00.081Z,::1,5173,/api
2023-12-20T12:27:00.082Z,::1,5873,/api
2023-12-20T12:27:00.082Z,::1,5473,/api
2023-12-20T12:27:00.082Z,::1,5173,/api
2023-12-20T12:27:00.082Z,::1,5673,/api
2023-12-20T12:27:00.083Z,::1,5373,/api
2023-12-20T12:27:00.083Z,::1,5973,/api
2023-12-20T12:27:00.083Z,::1,5473,/api
2023-12-20T12:27:00.084Z,::1,5273,/api
2023-12-20T12:27:00.084Z,::1,5473,/api
2023-12-20T12:27:00.084Z,::1,5873,/api
2023-12-20T12:27:00.084Z,::1,5073,/api
2023-12-20T12:27:00.084Z,::1,5673,/api
2023-12-20T12:27:00.087Z,::1,5873,/api
2023-12-20T12:27:00.088Z,::1,5273,/api
2023-12-20T12:27:00.088Z,::1,5773,/api
2023-12-20T12:27:00.089Z,::1,5273,/api
2023-12-20T12:27:00.089Z,::1,5173,/api
2023-12-20T12:27:00.090Z,::1,5873,/api
2023-12-20T12:27:00.090Z,::1,5973,/api
2023-12-20T12:27:00.090Z,::1,5973,/api
2023-12-20T12:27:00.091Z,::1,5473,/api
2023-12-20T12:27:00.091Z,::1,5273,/api
2023-12-20T12:27:00.091Z,::1,5373,/api
2023-12-20T12:27:00.094Z,::1,5673,/api
2023-12-20T12:27:00.096Z,::1,5473,/api
2023-12-20T12:27:00.096Z,::1,5073,/api
2023-12-20T12:27:00.097Z,::1,5073,/api
2023-12-20T12:27:00.100Z,::1,5073,/api
2023-12-20T12:27:00.102Z,::1,5973,/api
2023-12-20T12:27:00.120Z,::1,5073,/api
2023-12-20T12:27:00.121Z,::1,5173,/api
2023-12-20T12:27:00.123Z,::1,5973,/api
2023-12-20T12:27:00.128Z,::1,5473,/api
2023-12-20T12:27:00.128Z,::1,5273,/api
2023-12-20T12:27:00.129Z,::1,5873,/api
2023-12-20T12:27:00.129Z,::1,5873,/api
2023-12-20T12:27:00.129Z,::1,5873,/api
2023-12-20T12:27:00.131Z,::1,5773,/api
2023-12-20T12:27:00.139Z,::1,5273,/api
2023-12-20T12:27:00.144Z,::1,5973,/api
2023-12-20T12:27:00.148Z,::1,5173,/api
2023-12-20T12:27:00.149Z,::1,5473,/api
2023-12-20T12:27:00.149Z,::1,5073,/api
2023-12-20T12:27:00.150Z,::1,5573,/api
2023-12-20T12:27:00.149Z,::1,5673,/api
2023-12-20T12:27:00.150Z,::1,5373,/api
2023-12-20T12:27:00.151Z,::1,5873,/api
2023-12-20T12:27:00.151Z,::1,5173,/api
2023-12-20T12:27:00.151Z,::1,5073,/api
2023-12-20T12:27:00.151Z,::1,5873,/api
2023-12-20T12:27:00.152Z,::1,5773,/api
2023-12-20T12:27:00.210Z,::1,5373,/api
2023-12-20T12:27:00.274Z,::1,5773,/api
2023-12-20T12:27:00.275Z,::1,5473,/api
2023-12-20T12:27:00.275Z,::1,5173,/api
2023-12-20T12:27:00.275Z,::1,5673,/api
2023-12-20T12:27:00.275Z,::1,5473,/api
2023-12-20T12:27:00.283Z,::1,5873,/api
2023-12-20T12:27:00.287Z,::1,5473,/api
2023-12-20T12:27:00.289Z,::1,5273,/api
2023-12-20T12:27:00.315Z,::1,5273,/api
2023-12-20T12:27:00.338Z,::1,5073,/api
2023-12-20T12:27:00.338Z,::1,5573,/api
2023-12-20T12:27:00.339Z,::1,5273,/api
2023-12-20T12:27:00.340Z,::1,5473,/api
2023-12-20T12:27:00.341Z,::1,5773,/api
2023-12-20T12:27:00.341Z,::1,5373,/api
2023-12-20T12:27:00.341Z,::1,5473,/api
2023-12-20T12:27:00.341Z,::1,5173,/api
2023-12-20T12:27:00.341Z,::1,5273,/api
2023-12-20T12:27:00.342Z,::1,5473,/api
2023-12-20T12:27:00.342Z,::1,5173,/api
2023-12-20T12:27:00.343Z,::1,5673,/api
2023-12-20T12:27:00.344Z,::1,5473,/api
2023-12-20T12:27:00.345Z,::1,5173,/api
2023-12-20T12:27:00.345Z,::1,5073,/api
2023-12-20T12:27:00.349Z,::1,5973,/api
2023-12-20T12:27:00.352Z,::1,5973,/api
2023-12-20T12:27:00.354Z,::1,5873,/api
2023-12-20T12:27:00.354Z,::1,5673,/api
2023-12-20T12:27:00.356Z,::1,5573,/api
2023-12-20T12:27:00.357Z,::1,5773,/api
2023-12-20T12:27:00.358Z,::1,5273,/api
2023-12-20T12:27:00.360Z,::1,5473,/api
2023-12-20T12:27:00.363Z,::1,5273,/api
2023-12-20T12:27:00.366Z,::1,5073,/api
2023-12-20T12:27:00.366Z,::1,5273,/api
2023-12-20T12:27:00.367Z,::1,5673,/api
2023-12-20T12:27:00.367Z,::1,5373,/api
2023-12-20T12:27:00.367Z,::1,5673,/api
2023-12-20T12:27:00.367Z,::1,5373,/api
2023-12-20T12:27:00.368Z,::1,5373,/api
2023-12-20T12:27:00.368Z,::1,5073,/api
2023-12-20T12:27:00.369Z,::1,5673,/api
2023-12-20T12:27:00.369Z,::1,5473,/api
2023-12-20T12:27:00.369Z,::1,5273,/api
2023-12-20T12:27:00.369Z,::1,5773,/api
2023-12-20T12:27:00.369Z,::1,5173,/api
2023-12-20T12:27:00.370Z,::1,5373,/api
2023-12-20T12:27:00.370Z,::1,5673,/api
2023-12-20T12:27:00.370Z,::1,5473,/api
2023-12-20T12:27:00.370Z,::1,5073,/api
2023-12-20T12:27:00.370Z,::1,5473,/api
2023-12-20T12:27:00.371Z,::1,5473,/api
2023-12-20T12:27:00.371Z,::1,5673,/api
2023-12-20T12:27:00.371Z,::1,5073,/api
2023-12-20T12:27:00.371Z,::1,5073,/api
2023-12-20T12:27:00.372Z,::1,5973,/api
2023-12-20T12:27:00.373Z,::1,5173,/api
2023-12-20T12:27:00.373Z,::1,5073,/api
2023-12-20T12:27:00.373Z,::1,5273,/api
2023-12-20T12:27:00.373Z,::1,5273,/api
2023-12-20T12:27:00.374Z,::1,5373,/api
2023-12-20T12:27:00.375Z,::1,5673,/api
2023-12-20T12:27:00.375Z,::1,5873,/api
2023-12-20T12:27:00.378Z,::1,5873,/api
2023-12-20T12:27:00.384Z,::1,5373,/api
2023-12-20T12:27:00.385Z,::1,5373,/api
2023-12-20T12:27:00.386Z,::1,5773,/api
2023-12-20T12:27:00.388Z,::1,5273,/api
2023-12-20T12:27:00.480Z,::1,5473,/api
2023-12-20T12:27:00.484Z,::1,5873,/api
2023-12-20T12:27:00.484Z,::1,5573,/api
2023-12-20T12:27:00.485Z,::1,5473,/api
2023-12-20T12:27:00.485Z,::1,5273,/api
2023-12-20T12:27:00.486Z,::1,5173,/api
2023-12-20T12:27:00.488Z,::1,5473,/api
2023-12-20T12:27:00.493Z,::1,5673,/api
2023-12-20T12:27:00.494Z,::1,5173,/api
2023-12-20T12:27:00.501Z,::1,5073,/api
2023-12-20T12:27:00.501Z,::1,5673,/api
2023-12-20T12:27:00.502Z,::1,5673,/api
2023-12-20T12:27:00.502Z,::1,5873,/api
2023-12-20T12:27:00.502Z,::1,5573,/api
2023-12-20T12:27:00.502Z,::1,5073,/api
2023-12-20T12:27:00.502Z,::1,5673,/api
2023-12-20T12:27:00.503Z,::1,5073,/api
2023-12-20T12:27:00.503Z,::1,5473,/api
2023-12-20T12:27:00.503Z,::1,5673,/api
2023-12-20T12:27:00.503Z,::1,5873,/api
2023-12-20T12:27:00.510Z,::1,5973,/api
2023-12-20T12:27:00.510Z,::1,5073,/api
2023-12-20T12:27:00.511Z,::1,5373,/api
2023-12-20T12:27:00.511Z,::1,5073,/api
2023-12-20T12:27:00.511Z,::1,5373,/api
2023-12-20T12:27:00.512Z,::1,5673,/api
2023-12-20T12:27:00.512Z,::1,5873,/api
2023-12-20T12:27:00.512Z,::1,5973,/api
2023-12-20T12:27:00.512Z,::1,5973,/api
2023-12-20T12:27:00.512Z,::1,5973,/api
2023-12-20T12:27:00.514Z,::1,5873,/api
2023-12-20T12:27:00.518Z,::1,5173,/api
2023-12-20T12:27:00.519Z,::1,5273,/api
2023-12-20T12:27:00.519Z,::1,5073,/api
2023-12-20T12:27:00.519Z,::1,5073,/api
2023-12-20T12:27:00.519Z,::1,5573,/api
2023-12-20T12:27:00.519Z,::1,5373,/api
2023-12-20T12:27:00.520Z,::1,5473,/api
2023-12-20T12:27:00.515Z,::1,5073,/api
2023-12-20T12:27:00.520Z,::1,5273,/api
2023-12-20T12:27:00.521Z,::1,5173,/api
2023-12-20T12:27:00.522Z,::1,5773,/api
2023-12-20T12:27:00.522Z,::1,5973,/api
2023-12-20T12:27:00.523Z,::1,5173,/api
2023-12-20T12:27:00.523Z,::1,5973,/api
2023-12-20T12:27:00.519Z,::1,5473,/api
2023-12-20T12:27:00.520Z,::1,5873,/api
2023-12-20T12:27:00.518Z,::1,5973,/api
2023-12-20T12:27:00.526Z,::1,5673,/api
2023-12-20T12:27:00.531Z,::1,5073,/api
2023-12-20T12:27:00.535Z,::1,5773,/api
2023-12-20T12:27:00.536Z,::1,5973,/api
2023-12-20T12:27:00.536Z,::1,5473,/api
2023-12-20T12:27:00.536Z,::1,5373,/api
2023-12-20T12:27:00.551Z,::1,5073,/api
2023-12-20T12:27:00.553Z,::1,5473,/api
2023-12-20T12:27:00.553Z,::1,5973,/api
2023-12-20T12:27:00.554Z,::1,5673,/api
2023-12-20T12:27:00.555Z,::1,5473,/api
2023-12-20T12:27:00.555Z,::1,5773,/api
2023-12-20T12:27:00.556Z,::1,5773,/api
2023-12-20T12:27:00.557Z,::1,5073,/api
2023-12-20T12:27:00.559Z,::1,5573,/api
2023-12-20T12:27:00.560Z,::1,5073,/api
2023-12-20T12:27:00.561Z,::1,5273,/api
2023-12-20T12:27:00.562Z,::1,5673,/api
2023-12-20T12:27:00.562Z,::1,5673,/api
2023-12-20T12:27:00.562Z,::1,5373,/api
2023-12-20T12:27:00.562Z,::1,5773,/api
2023-12-20T12:27:00.563Z,::1,5273,/api
2023-12-20T12:27:00.564Z,::1,5773,/api
2023-12-20T12:27:00.565Z,::1,5873,/api
2023-12-20T12:27:00.565Z,::1,5273,/api
2023-12-20T12:27:00.566Z,::1,5573,/api
2023-12-20T12:27:00.567Z,::1,5673,/api
2023-12-20T12:27:00.567Z,::1,5473,/api
2023-12-20T12:27:00.568Z,::1,5773,/api
2023-12-20T12:27:00.568Z,::1,5673,/api
2023-12-20T12:27:00.569Z,::1,5773,/api
2023-12-20T12:27:00.569Z,::1,5473,/api
2023-12-20T12:27:00.570Z,::1,5273,/api
2023-12-20T12:27:00.571Z,::1,5673,/api
2023-12-20T12:27:00.571Z,::1,5073,/api
2023-12-20T12:27:00.572Z,::1,5373,/api
2023-12-20T12:27:00.642Z,::1,5373,/api
2023-12-20T12:27:00.643Z,::1,5273,/api
2023-12-20T12:27:00.643Z,::1,5973,/api
2023-12-20T12:27:00.643Z,::1,5873,/api
2023-12-20T12:27:00.643Z,::1,5673,/api
2023-12-20T12:27:00.644Z,::1,5073,/api
2023-12-20T12:27:00.644Z,::1,5073,/api
2023-12-20T12:27:00.644Z,::1,5473,/api
2023-12-20T12:27:00.644Z,::1,5873,/api
2023-12-20T12:27:00.645Z,::1,5273,/api
2023-12-20T12:27:00.645Z,::1,5273,/api
2023-12-20T12:27:00.645Z,::1,5673,/api
2023-12-20T12:27:00.646Z,::1,5873,/api
2023-12-20T12:27:00.646Z,::1,5273,/api
2023-12-20T12:27:00.646Z,::1,5073,/api
2023-12-20T12:27:00.647Z,::1,5773,/api
2023-12-20T12:27:00.647Z,::1,5373,/api
2023-12-20T12:27:00.648Z,::1,5673,/api
2023-12-20T12:27:00.648Z,::1,5473,/api
2023-12-20T12:27:00.649Z,::1,5073,/api
2023-12-20T12:27:00.649Z,::1,5773,/api
2023-12-20T12:27:00.649Z,::1,5073,/api
2023-12-20T12:27:00.649Z,::1,5773,/api
2023-12-20T12:27:00.649Z,::1,5273,/api
2023-12-20T12:27:00.649Z,::1,5273,/api
2023-12-20T12:27:00.650Z,::1,5573,/api
2023-12-20T12:27:00.650Z,::1,5273,/api
2023-12-20T12:27:00.680Z,::1,5573,/api
2023-12-20T12:27:00.682Z,::1,5073,/api
2023-12-20T12:27:00.682Z,::1,5873,/api
2023-12-20T12:27:00.690Z,::1,5473,/api
2023-12-20T12:27:00.703Z,::1,5573,/api
2023-12-20T12:27:00.650Z,::1,5073,/api
2023-12-20T12:27:00.705Z,::1,5573,/api
2023-12-20T12:27:00.706Z,::1,5973,/api
2023-12-20T12:27:00.708Z,::1,5473,/api
2023-12-20T12:27:00.711Z,::1,5073,/api
2023-12-20T12:27:00.713Z,::1,5273,/api
2023-12-20T12:27:00.714Z,::1,5173,/api
2023-12-20T12:27:00.715Z,::1,5273,/api
2023-12-20T12:27:00.721Z,::1,5973,/api
2023-12-20T12:27:00.726Z,::1,5073,/api
2023-12-20T12:27:00.730Z,::1,5773,/api
2023-12-20T12:27:00.732Z,::1,5973,/api
2023-12-20T12:27:00.836Z,::1,5273,/api
2023-12-20T12:27:00.868Z,::1,5673,/api
2023-12-20T12:27:00.871Z,::1,5073,/api
2023-12-20T12:27:00.873Z,::1,5473,/api
2023-12-20T12:27:00.877Z,::1,5273,/api
2023-12-20T12:27:00.879Z,::1,5273,/api
2023-12-20T12:27:00.879Z,::1,5873,/api
2023-12-20T12:28:16.891Z,::1,5173,/
2023-12-20T12:28:16.942Z,::1,5773,/
2023-12-20T12:28:16.943Z,::1,5373,/
2023-12-20T12:28:16.944Z,::1,5673,/
2023-12-20T12:28:16.944Z,::1,5873,/
2023-12-20T12:28:16.945Z,::1,5973,/
2023-12-20T12:28:16.945Z,::1,5073,/
2023-12-20T12:28:16.945Z,::1,5573,/
2023-12-20T12:28:16.947Z,::1,5473,/
2023-12-20T12:28:16.948Z,::1,5773,/
2023-12-20T12:28:16.948Z,::1,5473,/
2023-12-20T12:28:16.949Z,::1,5773,/
2023-12-20T12:28:16.950Z,::1,5973,/
2023-12-20T12:28:16.950Z,::1,5273,/
2023-12-20T12:28:16.950Z,::1,5773,/
2023-12-20T12:28:16.952Z,::1,5173,/
2023-12-20T12:28:16.952Z,::1,5673,/
2023-12-20T12:28:16.952Z,::1,5873,/
2023-12-20T12:28:16.953Z,::1,5673,/
2023-12-20T12:28:16.953Z,::1,5373,/
2023-12-20T12:28:16.954Z,::1,5073,/
2023-12-20T12:28:16.954Z,::1,5673,/
2023-12-20T12:28:16.954Z,::1,5873,/
2023-12-20T12:28:16.955Z,::1,5473,/
2023-12-20T12:28:16.955Z,::1,5873,/
2023-12-20T12:28:16.955Z,::1,5073,/
2023-12-20T12:28:16.956Z,::1,5873,/
2023-12-20T12:28:16.956Z,::1,5073,/
2023-12-20T12:28:16.957Z,::1,5373,/
2023-12-20T12:28:16.957Z,::1,5673,/
2023-12-20T12:28:16.957Z,::1,5873,/
2023-12-20T12:28:16.958Z,::1,5073,/
2023-12-20T12:28:16.958Z,::1,5873,/
2023-12-20T12:28:16.958Z,::1,5073,/
2023-12-20T12:28:16.959Z,::1,5573,/
2023-12-20T12:28:16.962Z,::1,5173,/
2023-12-20T12:28:16.964Z,::1,5073,/
2023-12-20T12:28:16.964Z,::1,5273,/
2023-12-20T12:28:16.964Z,::1,5973,/
2023-12-20T12:28:16.965Z,::1,5473,/
2023-12-20T12:28:16.965Z,::1,5473,/
2023-12-20T12:28:16.966Z,::1,5273,/
2023-12-20T12:28:16.970Z,::1,5273,/
2023-12-20T12:28:16.971Z,::1,5573,/
2023-12-20T12:28:16.974Z,::1,5273,/
2023-12-20T12:28:16.975Z,::1,5073,/
2023-12-20T12:28:16.975Z,::1,5973,/
2023-12-20T12:28:16.976Z,::1,5573,/
2023-12-20T12:28:16.976Z,::1,5673,/
2023-12-20T12:28:16.976Z,::1,5173,/
2023-12-20T12:28:16.980Z,::1,5473,/
2023-12-20T12:28:16.971Z,::1,5673,/
2023-12-20T12:28:16.981Z,::1,5173,/
2023-12-20T12:28:16.982Z,::1,5073,/
2023-12-20T12:28:16.982Z,::1,5373,/
2023-12-20T12:28:16.983Z,::1,5073,/
2023-12-20T12:28:16.983Z,::1,5873,/
2023-12-20T12:28:16.983Z,::1,5573,/
2023-12-20T12:28:16.983Z,::1,5873,/
2023-12-20T12:28:16.984Z,::1,5073,/
2023-12-20T12:28:16.985Z,::1,5673,/
2023-12-20T12:28:16.985Z,::1,5873,/
2023-12-20T12:28:16.985Z,::1,5573,/
2023-12-20T12:28:16.985Z,::1,5473,/
2023-12-20T12:28:16.986Z,::1,5973,/
2023-12-20T12:28:16.972Z,::1,5273,/
2023-12-20T12:28:16.989Z,::1,5073,/
2023-12-20T12:28:16.989Z,::1,5073,/
2023-12-20T12:28:16.989Z,::1,5073,/
2023-12-20T12:28:16.997Z,::1,5673,/
2023-12-20T12:28:16.998Z,::1,5073,/
2023-12-20T12:28:16.998Z,::1,5073,/
2023-12-20T12:28:16.980Z,::1,5673,/
2023-12-20T12:28:16.999Z,::1,5073,/
2023-12-20T12:28:16.989Z,::1,5573,/
2023-12-20T12:28:16.999Z,::1,5673,/
2023-12-20T12:28:16.999Z,::1,5473,/
2023-12-20T12:28:17.000Z,::1,5473,/
2023-12-20T12:28:17.000Z,::1,5573,/
2023-12-20T12:28:17.000Z,::1,5473,/
2023-12-20T12:28:17.001Z,::1,5873,/
2023-12-20T12:28:17.002Z,::1,5173,/
2023-12-20T12:28:17.002Z,::1,5773,/
2023-12-20T12:28:17.003Z,::1,5873,/
2023-12-20T12:28:17.003Z,::1,5773,/
2023-12-20T12:28:16.971Z,::1,5073,/
2023-12-20T12:28:17.003Z,::1,5073,/
2023-12-20T12:28:17.003Z,::1,5673,/
2023-12-20T12:28:17.004Z,::1,5173,/
2023-12-20T12:28:17.004Z,::1,5673,/
2023-12-20T12:28:17.004Z,::1,5673,/
2023-12-20T12:28:17.005Z,::1,5073,/
2023-12-20T12:28:17.005Z,::1,5373,/
2023-12-20T12:28:17.005Z,::1,5873,/
2023-12-20T12:28:17.005Z,::1,5673,/
2023-12-20T12:28:17.006Z,::1,5273,/
2023-12-20T12:28:17.005Z,::1,5073,/
2023-12-20T12:28:17.006Z,::1,5973,/
2023-12-20T12:28:17.006Z,::1,5673,/
2023-12-20T12:28:17.007Z,::1,5073,/
2023-12-20T12:28:17.007Z,::1,5473,/
2023-12-20T12:28:16.998Z,::1,5173,/
2023-12-20T12:28:17.007Z,::1,5673,/
2023-12-20T12:28:17.007Z,::1,5273,/
2023-12-20T12:28:17.007Z,::1,5473,/
2023-12-20T12:28:17.007Z,::1,5873,/
2023-12-20T12:28:17.008Z,::1,5473,/
2023-12-20T12:28:17.008Z,::1,5973,/
2023-12-20T12:28:17.012Z,::1,5673,/
2023-12-20T12:28:17.013Z,::1,5873,/
2023-12-20T12:28:17.013Z,::1,5673,/
2023-12-20T12:28:17.008Z,::1,5773,/
2023-12-20T12:28:16.999Z,::1,5973,/
2023-12-20T12:28:17.003Z,::1,5273,/
2023-12-20T12:28:17.018Z,::1,5573,/
2023-12-20T12:28:17.022Z,::1,5573,/
2023-12-20T12:28:17.025Z,::1,5373,/
2023-12-20T12:28:17.025Z,::1,5173,/
2023-12-20T12:28:17.025Z,::1,5273,/
2023-12-20T12:28:17.026Z,::1,5973,/
2023-12-20T12:28:17.026Z,::1,5373,/
2023-12-20T12:28:17.026Z,::1,5973,/
2023-12-20T12:28:17.026Z,::1,5173,/
2023-12-20T12:28:17.027Z,::1,5773,/
2023-12-20T12:28:17.027Z,::1,5273,/
2023-12-20T12:28:17.027Z,::1,5973,/
2023-12-20T12:28:17.027Z,::1,5873,/
2023-12-20T12:28:17.028Z,::1,5373,/
2023-12-20T12:28:17.028Z,::1,5673,/
2023-12-20T12:28:17.028Z,::1,5173,/
2023-12-20T12:28:17.028Z,::1,5373,/
2023-12-20T12:28:17.029Z,::1,5373,/
2023-12-20T12:28:17.029Z,::1,5173,/
2023-12-20T12:28:17.031Z,::1,5573,/
2023-12-20T12:28:17.031Z,::1,5273,/
2023-12-20T12:28:17.032Z,::1,5873,/
2023-12-20T12:28:17.032Z,::1,5073,/
2023-12-20T12:28:17.032Z,::1,5173,/
2023-12-20T12:28:17.032Z,::1,5373,/
2023-12-20T12:28:17.033Z,::1,5473,/
2023-12-20T12:28:17.033Z,::1,5273,/
2023-12-20T12:28:17.033Z,::1,5473,/
2023-12-20T12:28:17.033Z,::1,5873,/
2023-12-20T12:28:17.034Z,::1,5673,/
2023-12-20T12:28:17.035Z,::1,5973,/
2023-12-20T12:28:17.035Z,::1,5573,/
2023-12-20T12:28:17.036Z,::1,5973,/
2023-12-20T12:28:17.036Z,::1,5873,/
2023-12-20T12:28:17.036Z,::1,5973,/
2023-12-20T12:28:17.042Z,::1,5873,/
2023-12-20T12:28:17.043Z,::1,5073,/
2023-12-20T12:28:17.043Z,::1,5673,/
2023-12-20T12:28:17.043Z,::1,5573,/
2023-12-20T12:28:17.043Z,::1,5873,/
2023-12-20T12:28:17.044Z,::1,5073,/
2023-12-20T12:28:17.044Z,::1,5473,/
2023-12-20T12:28:17.044Z,::1,5273,/
2023-12-20T12:28:17.044Z,::1,5573,/
2023-12-20T12:28:17.044Z,::1,5273,/
2023-12-20T12:28:17.044Z,::1,5673,/
2023-12-20T12:28:17.045Z,::1,5473,/
2023-12-20T12:28:17.045Z,::1,5873,/
2023-12-20T12:28:17.045Z,::1,5573,/
2023-12-20T12:28:17.047Z,::1,5673,/
2023-12-20T12:28:17.048Z,::1,5873,/
2023-12-20T12:28:17.049Z,::1,5273,/
2023-12-20T12:28:17.049Z,::1,5673,/
2023-12-20T12:28:17.049Z,::1,5673,/
2023-12-20T12:28:17.050Z,::1,5973,/
2023-12-20T12:28:17.050Z,::1,5473,/
2023-12-20T12:28:17.051Z,::1,5273,/
2023-12-20T12:28:17.051Z,::1,5273,/
2023-12-20T12:28:17.051Z,::1,5473,/
2023-12-20T12:28:17.051Z,::1,5073,/
2023-12-20T12:28:17.052Z,::1,5273,/
2023-12-20T12:28:17.054Z,::1,5673,/
2023-12-20T12:28:17.055Z,::1,5473,/
2023-12-20T12:28:17.055Z,::1,5473,/
2023-12-20T12:28:17.055Z,::1,5973,/
2023-12-20T12:28:17.057Z,::1,5873,/
2023-12-20T12:28:17.060Z,::1,5873,/
2023-12-20T12:28:17.061Z,::1,5473,/
2023-12-20T12:28:17.062Z,::1,5473,/
2023-12-20T12:28:17.062Z,::1,5673,/
2023-12-20T12:28:17.063Z,::1,5673,/
2023-12-20T12:28:17.063Z,::1,5873,/
2023-12-20T12:28:17.063Z,::1,5473,/
2023-12-20T12:28:17.064Z,::1,5573,/
2023-12-20T12:28:17.064Z,::1,5073,/
2023-12-20T12:28:17.064Z,::1,5273,/
2023-12-20T12:28:17.064Z,::1,5973,/
2023-12-20T12:28:17.065Z,::1,5473,/
2023-12-20T12:28:17.065Z,::1,5673,/
2023-12-20T12:28:17.065Z,::1,5073,/
2023-12-20T12:28:17.066Z,::1,5073,/
2023-12-20T12:28:17.068Z,::1,5673,/
2023-12-20T12:28:17.069Z,::1,5673,/
2023-12-20T12:28:17.070Z,::1,5573,/
2023-12-20T12:28:17.070Z,::1,5973,/
2023-12-20T12:28:17.070Z,::1,5173,/
2023-12-20T12:28:17.071Z,::1,5373,/
2023-12-20T12:28:17.071Z,::1,5373,/
2023-12-20T12:28:17.071Z,::1,5573,/
2023-12-20T12:28:17.071Z,::1,5273,/
2023-12-20T12:28:17.071Z,::1,5073,/
2023-12-20T12:28:17.072Z,::1,5373,/
2023-12-20T12:28:17.072Z,::1,5273,/
2023-12-20T12:28:17.072Z,::1,5273,/
2023-12-20T12:28:17.072Z,::1,5473,/
2023-12-20T12:28:17.072Z,::1,5673,/
2023-12-20T12:28:17.073Z,::1,5673,/
2023-12-20T12:28:17.074Z,::1,5473,/
2023-12-20T12:28:17.074Z,::1,5773,/
2023-12-20T12:28:17.074Z,::1,5873,/
2023-12-20T12:28:17.074Z,::1,5273,/
2023-12-20T12:28:17.074Z,::1,5073,/
2023-12-20T12:28:17.075Z,::1,5573,/
2023-12-20T12:28:17.075Z,::1,5973,/
2023-12-20T12:28:17.075Z,::1,5673,/
2023-12-20T12:28:17.075Z,::1,5073,/
2023-12-20T12:28:17.076Z,::1,5273,/
2023-12-20T12:28:17.076Z,::1,5973,/
2023-12-20T12:28:17.076Z,::1,5073,/
2023-12-20T12:28:17.076Z,::1,5273,/
2023-12-20T12:28:17.076Z,::1,5673,/
2023-12-20T12:28:17.077Z,::1,5573,/
2023-12-20T12:28:17.077Z,::1,5373,/
2023-12-20T12:28:17.077Z,::1,5073,/
2023-12-20T12:28:17.077Z,::1,5173,/
2023-12-20T12:28:17.078Z,::1,5073,/
2023-12-20T12:28:17.080Z,::1,5773,/
2023-12-20T12:28:17.080Z,::1,5273,/
2023-12-20T12:28:17.081Z,::1,5073,/
2023-12-20T12:28:17.083Z,::1,5873,/
2023-12-20T12:28:17.083Z,::1,5873,/
2023-12-20T12:28:17.083Z,::1,5873,/
2023-12-20T12:28:17.083Z,::1,5473,/
2023-12-20T12:28:17.084Z,::1,5473,/
2023-12-20T12:28:17.084Z,::1,5673,/
2023-12-20T12:28:17.084Z,::1,5373,/
2023-12-20T12:28:17.084Z,::1,5473,/
2023-12-20T12:28:17.085Z,::1,5073,/
2023-12-20T12:28:17.085Z,::1,5173,/
2023-12-20T12:28:17.085Z,::1,5073,/
2023-12-20T12:28:17.087Z,::1,5273,/
2023-12-20T12:28:17.089Z,::1,5173,/
2023-12-20T12:28:17.089Z,::1,5373,/
2023-12-20T12:28:17.089Z,::1,5473,/
2023-12-20T12:28:17.089Z,::1,5973,/
2023-12-20T12:28:17.089Z,::1,5173,/
2023-12-20T12:28:17.090Z,::1,5073,/
2023-12-20T12:28:17.090Z,::1,5873,/
2023-12-20T12:28:17.090Z,::1,5073,/
2023-12-20T12:28:17.090Z,::1,5173,/
2023-12-20T12:28:17.090Z,::1,5573,/
2023-12-20T12:28:17.090Z,::1,5873,/
2023-12-20T12:28:17.090Z,::1,5073,/
2023-12-20T12:28:17.091Z,::1,5473,/
2023-12-20T12:28:17.091Z,::1,5073,/
2023-12-20T12:28:17.091Z,::1,5173,/
2023-12-20T12:28:17.091Z,::1,5373,/
2023-12-20T12:28:17.091Z,::1,5773,/
2023-12-20T12:28:17.091Z,::1,5273,/
2023-12-20T12:28:17.092Z,::1,5373,/
2023-12-20T12:28:17.092Z,::1,5873,/
2023-12-20T12:28:17.092Z,::1,5773,/
2023-12-20T12:28:17.092Z,::1,5473,/
2023-12-20T12:28:17.092Z,::1,5773,/
2023-12-20T12:28:17.092Z,::1,5073,/
2023-12-20T12:28:17.093Z,::1,5173,/
2023-12-20T12:28:17.093Z,::1,5473,/
2023-12-20T12:28:17.093Z,::1,5873,/
2023-12-20T12:28:17.093Z,::1,5073,/
2023-12-20T12:28:17.093Z,::1,5873,/
2023-12-20T12:28:17.093Z,::1,5073,/
2023-12-20T12:28:17.094Z,::1,5673,/
2023-12-20T12:28:17.094Z,::1,5973,/
2023-12-20T12:28:17.094Z,::1,5073,/
2023-12-20T12:28:17.094Z,::1,5173,/
2023-12-20T12:28:17.094Z,::1,5273,/
2023-12-20T12:28:17.094Z,::1,5573,/
2023-12-20T12:28:17.094Z,::1,5573,/
2023-12-20T12:28:17.095Z,::1,5373,/
2023-12-20T12:28:17.095Z,::1,5973,/
2023-12-20T12:28:17.095Z,::1,5173,/
2023-12-20T12:28:17.096Z,::1,5873,/
2023-12-20T12:28:17.096Z,::1,5173,/
2023-12-20T12:28:17.096Z,::1,5473,/
2023-12-20T12:28:17.097Z,::1,5673,/
2023-12-20T12:28:17.097Z,::1,5573,/
2023-12-20T12:28:17.097Z,::1,5873,/
2023-12-20T12:28:17.097Z,::1,5073,/
2023-12-20T12:28:17.097Z,::1,5273,/
2023-12-20T12:28:17.098Z,::1,5473,/
2023-12-20T12:28:17.098Z,::1,5173,/
2023-12-20T12:28:17.098Z,::1,5873,/
2023-12-20T12:28:17.098Z,::1,5673,/
2023-12-20T12:28:17.109Z,::1,5073,/
2023-12-20T12:28:17.126Z,::1,5273,/
2023-12-20T12:28:17.127Z,::1,5873,/
2023-12-20T12:28:17.127Z,::1,5473,/
2023-12-20T12:28:17.127Z,::1,5073,/
2023-12-20T12:28:17.128Z,::1,5073,/
2023-12-20T12:28:17.128Z,::1,5773,/
2023-12-20T12:28:17.128Z,::1,5673,/
2023-12-20T12:28:17.129Z,::1,5473,/
2023-12-20T12:28:17.129Z,::1,5473,/
2023-12-20T12:28:17.129Z,::1,5173,/
2023-12-20T12:28:17.129Z,::1,5373,/
2023-12-20T12:28:17.135Z,::1,5673,/
2023-12-20T12:28:17.145Z,::1,5873,/
2023-12-20T12:28:17.145Z,::1,5873,/
2023-12-20T12:28:17.146Z,::1,5373,/
2023-12-20T12:28:17.146Z,::1,5973,/
2023-12-20T12:28:17.144Z,::1,5473,/
2023-12-20T12:28:17.155Z,::1,5773,/
2023-12-20T12:28:17.157Z,::1,5273,/
2023-12-20T12:28:17.160Z,::1,5373,/
2023-12-20T12:28:17.163Z,::1,5473,/
2023-12-20T12:28:17.164Z,::1,5873,/
2023-12-20T12:28:17.164Z,::1,5473,/
2023-12-20T12:28:17.165Z,::1,5673,/
2023-12-20T12:28:17.165Z,::1,5073,/
2023-12-20T12:28:17.166Z,::1,5473,/
2023-12-20T12:28:17.165Z,::1,5873,/
2023-12-20T12:28:17.167Z,::1,5773,/
2023-12-20T12:28:17.167Z,::1,5673,/
2023-12-20T12:28:17.170Z,::1,5873,/
2023-12-20T12:28:17.171Z,::1,5173,/
2023-12-20T12:28:17.166Z,::1,5973,/
2023-12-20T12:28:17.168Z,::1,5473,/
2023-12-20T12:28:17.172Z,::1,5473,/
2023-12-20T12:28:17.172Z,::1,5673,/
2023-12-20T12:28:17.172Z,::1,5873,/
2023-12-20T12:28:17.173Z,::1,5073,/
2023-12-20T12:28:17.173Z,::1,5273,/
2023-12-20T12:28:17.173Z,::1,5173,/
2023-12-20T12:28:17.174Z,::1,5573,/
2023-12-20T12:28:17.174Z,::1,5873,/
2023-12-20T12:28:17.174Z,::1,5573,/
2023-12-20T12:28:17.174Z,::1,5073,/
2023-12-20T12:28:17.175Z,::1,5273,/
2023-12-20T12:28:17.175Z,::1,5673,/
2023-12-20T12:28:17.175Z,::1,5173,/
2023-12-20T12:28:17.176Z,::1,5373,/
2023-12-20T12:28:17.176Z,::1,5973,/
2023-12-20T12:28:17.176Z,::1,5273,/
2023-12-20T12:28:17.177Z,::1,5473,/
2023-12-20T12:28:17.179Z,::1,5973,/
2023-12-20T12:28:17.183Z,::1,5073,/
2023-12-20T12:28:17.184Z,::1,5873,/
2023-12-20T12:28:17.184Z,::1,5973,/
2023-12-20T12:28:17.184Z,::1,5473,/
2023-12-20T12:28:17.185Z,::1,5473,/
2023-12-20T12:28:17.185Z,::1,5973,/
2023-12-20T12:28:17.185Z,::1,5273,/
2023-12-20T12:28:17.186Z,::1,5273,/
2023-12-20T12:28:17.186Z,::1,5073,/
2023-12-20T12:28:17.186Z,::1,5473,/
2023-12-20T12:28:17.187Z,::1,5173,/
2023-12-20T12:28:17.165Z,::1,5673,/
2023-12-20T12:28:17.187Z,::1,5273,/
2023-12-20T12:28:17.171Z,::1,5273,/
2023-12-20T12:28:17.171Z,::1,5673,/
2023-12-20T12:28:17.187Z,::1,5473,/
2023-12-20T12:28:17.188Z,::1,5773,/
2023-12-20T12:28:17.188Z,::1,5173,/
2023-12-20T12:28:17.188Z,::1,5273,/
2023-12-20T12:28:17.189Z,::1,5973,/
2023-12-20T12:28:17.189Z,::1,5673,/
2023-12-20T12:28:17.189Z,::1,5073,/
2023-12-20T12:28:17.193Z,::1,5273,/
2023-12-20T12:28:17.193Z,::1,5673,/
2023-12-20T12:28:17.193Z,::1,5873,/
2023-12-20T12:28:17.194Z,::1,5473,/
2023-12-20T12:28:17.194Z,::1,5073,/
2023-12-20T12:28:17.194Z,::1,5773,/
2023-12-20T12:28:17.194Z,::1,5073,/
2023-12-20T12:28:17.194Z,::1,5273,/
2023-12-20T12:28:17.195Z,::1,5773,/
2023-12-20T12:28:17.195Z,::1,5073,/
2023-12-20T12:28:17.203Z,::1,5673,/
2023-12-20T12:28:17.204Z,::1,5873,/
2023-12-20T12:28:17.205Z,::1,5573,/
2023-12-20T12:28:17.205Z,::1,5373,/
2023-12-20T12:28:17.205Z,::1,5673,/
2023-12-20T12:28:17.206Z,::1,5273,/
2023-12-20T12:28:17.233Z,::1,5073,/
2023-12-20T12:28:17.236Z,::1,5073,/
2023-12-20T12:28:17.204Z,::1,5273,/
2023-12-20T12:28:17.237Z,::1,5173,/
2023-12-20T12:28:17.237Z,::1,5473,/
2023-12-20T12:28:17.237Z,::1,5373,/
2023-12-20T12:28:17.238Z,::1,5573,/
2023-12-20T12:28:17.238Z,::1,5673,/
2023-12-20T12:28:17.238Z,::1,5873,/
2023-12-20T12:28:17.238Z,::1,5273,/
2023-12-20T12:28:17.239Z,::1,5073,/
2023-12-20T12:28:17.239Z,::1,5473,/
2023-12-20T12:28:17.239Z,::1,5573,/
2023-12-20T12:28:17.239Z,::1,5673,/
2023-12-20T12:28:17.240Z,::1,5773,/
2023-12-20T12:28:17.240Z,::1,5773,/
2023-12-20T12:28:17.240Z,::1,5673,/
2023-12-20T12:28:17.241Z,::1,5073,/
2023-12-20T12:28:17.241Z,::1,5273,/
2023-12-20T12:28:17.241Z,::1,5773,/
2023-12-20T12:28:17.241Z,::1,5973,/
2023-12-20T12:28:17.242Z,::1,5273,/
2023-12-20T12:28:17.242Z,::1,5773,/
2023-12-20T12:28:17.242Z,::1,5473,/
2023-12-20T12:28:17.242Z,::1,5273,/
2023-12-20T12:28:17.243Z,::1,5373,/
2023-12-20T12:28:17.244Z,::1,5873,/
2023-12-20T12:28:17.244Z,::1,5373,/
2023-12-20T12:28:17.244Z,::1,5873,/
2023-12-20T12:28:17.245Z,::1,5073,/
2023-12-20T12:28:17.245Z,::1,5673,/
2023-12-20T12:28:17.245Z,::1,5773,/
2023-12-20T12:28:17.246Z,::1,5573,/
2023-12-20T12:28:17.246Z,::1,5973,/
2023-12-20T12:28:17.246Z,::1,5273,/
2023-12-20T12:28:17.246Z,::1,5273,/
2023-12-20T12:28:17.246Z,::1,5073,/
2023-12-20T12:28:17.237Z,::1,5473,/
2023-12-20T12:28:17.309Z,::1,5473,/
2023-12-20T12:28:17.312Z,::1,5273,/
2023-12-20T12:28:17.312Z,::1,5773,/
2023-12-20T12:28:17.312Z,::1,5873,/
2023-12-20T12:28:17.313Z,::1,5273,/
2023-12-20T12:28:17.313Z,::1,5773,/
2023-12-20T12:28:17.313Z,::1,5273,/
2023-12-20T12:28:17.314Z,::1,5773,/
2023-12-20T12:28:17.314Z,::1,5673,/
2023-12-20T12:28:17.314Z,::1,5673,/
2023-12-20T12:28:17.314Z,::1,5973,/
2023-12-20T12:28:17.313Z,::1,5673,/
2023-12-20T12:28:17.314Z,::1,5673,/
2023-12-20T12:28:17.313Z,::1,5973,/
2023-12-20T12:28:17.313Z,::1,5073,/
2023-12-20T12:28:17.314Z,::1,5973,/
2023-12-20T12:28:17.314Z,::1,5873,/
2023-12-20T12:28:17.315Z,::1,5873,/
2023-12-20T12:28:17.315Z,::1,5573,/
2023-12-20T12:28:17.315Z,::1,5873,/
2023-12-20T12:28:17.315Z,::1,5173,/
2023-12-20T12:28:17.315Z,::1,5773,/
2023-12-20T12:28:17.315Z,::1,5373,/
2023-12-20T12:28:17.316Z,::1,5273,/
2023-12-20T12:28:17.316Z,::1,5673,/
2023-12-20T12:28:17.316Z,::1,5673,/
2023-12-20T12:28:17.316Z,::1,5173,/
2023-12-20T12:28:17.316Z,::1,5873,/
2023-12-20T12:28:17.316Z,::1,5873,/
2023-12-20T12:28:17.316Z,::1,5673,/
2023-12-20T12:28:17.317Z,::1,5473,/
2023-12-20T12:28:17.317Z,::1,5473,/
2023-12-20T12:28:17.317Z,::1,5673,/
2023-12-20T12:28:17.318Z,::1,5073,/
2023-12-20T12:28:17.318Z,::1,5073,/
2023-12-20T12:28:17.318Z,::1,5873,/
2023-12-20T12:28:17.319Z,::1,5073,/
2023-12-20T12:28:17.319Z,::1,5073,/
2023-12-20T12:28:17.319Z,::1,5073,/
2023-12-20T12:28:17.319Z,::1,5073,/
2023-12-20T12:28:17.319Z,::1,5773,/
2023-12-20T12:28:17.320Z,::1,5273,/
2023-12-20T12:28:17.320Z,::1,5573,/
2023-12-20T12:28:17.320Z,::1,5673,/
2023-12-20T12:28:17.320Z,::1,5273,/
2023-12-20T12:28:17.321Z,::1,5873,/
2023-12-20T12:28:17.321Z,::1,5973,/
2023-12-20T12:28:17.321Z,::1,5373,/
2023-12-20T12:28:17.322Z,::1,5173,/
2023-12-20T12:28:17.322Z,::1,5373,/
2023-12-20T12:28:17.322Z,::1,5873,/
2023-12-20T12:28:17.321Z,::1,5873,/
2023-12-20T12:28:17.346Z,::1,5273,/
2023-12-20T12:28:17.346Z,::1,5473,/
2023-12-20T12:28:17.321Z,::1,5273,/
2023-12-20T12:28:17.321Z,::1,5473,/
2023-12-20T12:28:17.346Z,::1,5273,/
2023-12-20T12:28:17.339Z,::1,5973,/
2023-12-20T12:28:17.347Z,::1,5273,/
2023-12-20T12:28:17.347Z,::1,5773,/
2023-12-20T12:28:17.347Z,::1,5273,/
2023-12-20T12:28:17.350Z,::1,5073,/
2023-12-20T12:28:17.352Z,::1,5973,/
2023-12-20T12:28:17.352Z,::1,5473,/
2023-12-20T12:28:17.352Z,::1,5873,/
2023-12-20T12:28:17.352Z,::1,5373,/
2023-12-20T12:28:17.353Z,::1,5073,/
2023-12-20T12:28:17.353Z,::1,5673,/
2023-12-20T12:28:17.353Z,::1,5773,/
2023-12-20T12:28:17.353Z,::1,5273,/
2023-12-20T12:28:17.353Z,::1,5173,/
2023-12-20T12:28:17.353Z,::1,5873,/
2023-12-20T12:28:17.354Z,::1,5673,/
2023-12-20T12:28:17.354Z,::1,5873,/
2023-12-20T12:28:17.354Z,::1,5773,/
2023-12-20T12:28:17.354Z,::1,5073,/
2023-12-20T12:28:17.354Z,::1,5973,/
2023-12-20T12:28:17.354Z,::1,5673,/
2023-12-20T12:28:17.355Z,::1,5673,/
2023-12-20T12:28:17.355Z,::1,5873,/
2023-12-20T12:28:17.355Z,::1,5273,/
2023-12-20T12:28:17.355Z,::1,5073,/
2023-12-20T12:28:17.355Z,::1,5673,/
2023-12-20T12:28:17.355Z,::1,5073,/
2023-12-20T12:28:17.356Z,::1,5973,/
2023-12-20T12:28:17.356Z,::1,5273,/
2023-12-20T12:28:17.356Z,::1,5573,/
2023-12-20T12:28:17.356Z,::1,5673,/
2023-12-20T12:28:17.357Z,::1,5473,/
2023-12-20T12:28:17.357Z,::1,5273,/
2023-12-20T12:28:17.357Z,::1,5273,/
2023-12-20T12:28:17.357Z,::1,5673,/
2023-12-20T12:28:17.357Z,::1,5973,/
2023-12-20T12:28:17.358Z,::1,5473,/
2023-12-20T12:28:17.358Z,::1,5473,/
2023-12-20T12:28:17.358Z,::1,5073,/
2023-12-20T12:28:17.358Z,::1,5273,/
2023-12-20T12:28:17.359Z,::1,5673,/
2023-12-20T12:28:17.359Z,::1,5473,/
2023-12-20T12:28:17.359Z,::1,5573,/
2023-12-20T12:28:17.359Z,::1,5873,/
2023-12-20T12:28:17.360Z,::1,5273,/
2023-12-20T12:28:17.362Z,::1,5473,/
2023-12-20T12:28:17.367Z,::1,5473,/
2023-12-20T12:28:17.369Z,::1,5673,/
2023-12-20T12:28:17.369Z,::1,5673,/
2023-12-20T12:28:17.369Z,::1,5673,/
2023-12-20T12:28:17.369Z,::1,5373,/
2023-12-20T12:28:17.370Z,::1,5873,/
2023-12-20T12:28:17.370Z,::1,5473,/
2023-12-20T12:28:17.370Z,::1,5073,/
2023-12-20T12:28:17.370Z,::1,5273,/
2023-12-20T12:28:17.370Z,::1,5473,/
2023-12-20T12:28:17.371Z,::1,5073,/
2023-12-20T12:28:17.371Z,::1,5073,/
2023-12-20T12:28:17.371Z,::1,5173,/
2023-12-20T12:28:17.371Z,::1,5273,/
2023-12-20T12:28:17.372Z,::1,5273,/
2023-12-20T12:28:17.372Z,::1,5073,/
2023-12-20T12:28:17.372Z,::1,5573,/
2023-12-20T12:28:17.372Z,::1,5673,/
2023-12-20T12:28:17.372Z,::1,5673,/
2023-12-20T12:28:17.373Z,::1,5773,/
2023-12-20T12:28:17.373Z,::1,5973,/
2023-12-20T12:28:17.375Z,::1,5173,/
2023-12-20T12:28:17.380Z,::1,5973,/
2023-12-20T12:28:17.381Z,::1,5673,/
2023-12-20T12:28:17.381Z,::1,5373,/
2023-12-20T12:28:17.494Z,::1,5473,/
2023-12-20T12:28:17.506Z,::1,5673,/
2023-12-20T12:28:17.507Z,::1,5173,/
2023-12-20T12:28:17.507Z,::1,5873,/
2023-12-20T12:28:17.507Z,::1,5973,/
2023-12-20T12:28:17.507Z,::1,5473,/
2023-12-20T12:28:17.508Z,::1,5873,/
2023-12-20T12:28:17.508Z,::1,5073,/
2023-12-20T12:28:17.508Z,::1,5273,/
2023-12-20T12:28:17.508Z,::1,5773,/
2023-12-20T12:28:17.509Z,::1,5073,/
2023-12-20T12:28:17.509Z,::1,5073,/
2023-12-20T12:28:17.509Z,::1,5773,/
2023-12-20T12:28:17.509Z,::1,5673,/
2023-12-20T12:28:17.510Z,::1,5973,/
2023-12-20T12:28:17.510Z,::1,5473,/
2023-12-20T12:28:17.510Z,::1,5173,/
2023-12-20T12:28:17.511Z,::1,5873,/
2023-12-20T12:28:17.511Z,::1,5073,/
2023-12-20T12:28:17.512Z,::1,5273,/
2023-12-20T12:28:17.512Z,::1,5673,/
2023-12-20T12:28:17.512Z,::1,5473,/
2023-12-20T12:28:17.513Z,::1,5573,/
2023-12-20T12:28:17.513Z,::1,5573,/
2023-12-20T12:28:17.513Z,::1,5273,/
2023-12-20T12:28:17.516Z,::1,5373,/
2023-12-20T12:28:17.517Z,::1,5273,/
2023-12-20T12:28:17.517Z,::1,5373,/
2023-12-20T12:28:17.517Z,::1,5873,/
2023-12-20T12:28:17.517Z,::1,5673,/
2023-12-20T12:28:17.518Z,::1,5573,/
2023-12-20T12:28:17.518Z,::1,5673,/
2023-12-20T12:28:17.518Z,::1,5673,/
2023-12-20T12:28:17.518Z,::1,5573,/
2023-12-20T12:28:17.518Z,::1,5973,/
2023-12-20T12:28:17.519Z,::1,5673,/
2023-12-20T12:28:17.519Z,::1,5573,/
2023-12-20T12:28:17.519Z,::1,5273,/
2023-12-20T12:28:17.519Z,::1,5373,/
2023-12-20T12:28:17.519Z,::1,5873,/
2023-12-20T12:28:17.519Z,::1,5773,/
2023-12-20T12:28:17.520Z,::1,5673,/
2023-12-20T12:28:17.520Z,::1,5973,/
2023-12-20T12:28:17.520Z,::1,5873,/
2023-12-20T12:28:17.520Z,::1,5773,/
2023-12-20T12:28:17.520Z,::1,5473,/
2023-12-20T12:28:17.521Z,::1,5573,/
2023-12-20T12:28:17.521Z,::1,5073,/
2023-12-20T12:28:17.521Z,::1,5573,/
2023-12-20T12:28:17.521Z,::1,5373,/
2023-12-20T12:28:17.521Z,::1,5773,/
2023-12-20T12:28:17.521Z,::1,5273,/
2023-12-20T12:28:17.522Z,::1,5473,/
2023-12-20T12:28:17.522Z,::1,5573,/
2023-12-20T12:28:17.522Z,::1,5073,/
2023-12-20T12:28:17.524Z,::1,5073,/
2023-12-20T12:28:17.524Z,::1,5773,/
2023-12-20T12:28:17.525Z,::1,5773,/
2023-12-20T12:28:17.525Z,::1,5673,/
2023-12-20T12:28:17.525Z,::1,5873,/
2023-12-20T12:28:17.526Z,::1,5473,/
2023-12-20T12:28:17.526Z,::1,5573,/
2023-12-20T12:28:17.526Z,::1,5273,/
2023-12-20T12:28:17.526Z,::1,5073,/
2023-12-20T12:28:17.526Z,::1,5073,/
2023-12-20T12:28:17.527Z,::1,5373,/
2023-12-20T12:28:17.527Z,::1,5373,/
2023-12-20T12:28:17.527Z,::1,5373,/
2023-12-20T12:28:17.527Z,::1,5273,/
2023-12-20T12:28:17.527Z,::1,5873,/
2023-12-20T12:28:17.528Z,::1,5873,/
2023-12-20T12:28:17.528Z,::1,5373,/
2023-12-20T12:28:17.528Z,::1,5273,/
2023-12-20T12:28:17.528Z,::1,5473,/
2023-12-20T12:28:17.529Z,::1,5773,/
2023-12-20T12:28:17.529Z,::1,5873,/
2023-12-20T12:28:17.529Z,::1,5173,/
2023-12-20T12:28:17.529Z,::1,5473,/
2023-12-20T12:28:17.530Z,::1,5273,/
2023-12-20T12:28:17.530Z,::1,5673,/
2023-12-20T12:28:17.530Z,::1,5873,/
2023-12-20T12:28:17.530Z,::1,5273,/
2023-12-20T12:28:17.530Z,::1,5073,/
2023-12-20T12:28:17.531Z,::1,5173,/
2023-12-20T12:28:17.531Z,::1,5673,/
2023-12-20T12:28:17.531Z,::1,5173,/
2023-12-20T12:28:17.531Z,::1,5673,/
2023-12-20T12:28:17.531Z,::1,5473,/
2023-12-20T12:28:17.532Z,::1,5473,/
2023-12-20T12:28:17.532Z,::1,5273,/
2023-12-20T12:28:17.532Z,::1,5073,/
2023-12-20T12:28:17.534Z,::1,5673,/
2023-12-20T12:28:17.534Z,::1,5573,/
2023-12-20T12:28:17.535Z,::1,5473,/
2023-12-20T12:28:17.535Z,::1,5573,/
2023-12-20T12:28:17.535Z,::1,5473,/
2023-12-20T12:28:17.536Z,::1,5673,/
2023-12-20T12:28:17.538Z,::1,5273,/
2023-12-20T12:28:17.540Z,::1,5773,/
2023-12-20T12:28:17.541Z,::1,5873,/
2023-12-20T12:28:17.541Z,::1,5073,/
2023-12-20T12:28:17.542Z,::1,5973,/
2023-12-20T12:28:17.542Z,::1,5173,/
2023-12-20T12:28:17.542Z,::1,5473,/
2023-12-20T12:28:17.542Z,::1,5873,/
2023-12-20T12:28:17.543Z,::1,5673,/
2023-12-20T12:28:17.543Z,::1,5873,/
2023-12-20T12:28:17.543Z,::1,5973,/
2023-12-20T12:28:17.543Z,::1,5373,/
2023-12-20T12:28:17.543Z,::1,5273,/
2023-12-20T12:28:17.544Z,::1,5473,/
2023-12-20T12:28:17.544Z,::1,5273,/
2023-12-20T12:28:17.544Z,::1,5473,/
2023-12-20T12:28:17.547Z,::1,5073,/
2023-12-20T12:28:17.547Z,::1,5273,/
2023-12-20T12:28:17.547Z,::1,5873,/
2023-12-20T12:28:17.548Z,::1,5073,/
2023-12-20T12:28:17.548Z,::1,5773,/
2023-12-20T12:28:17.548Z,::1,5973,/
2023-12-20T12:28:17.548Z,::1,5773,/
2023-12-20T12:28:17.549Z,::1,5973,/
2023-12-20T12:28:17.549Z,::1,5973,/
2023-12-20T12:28:17.549Z,::1,5273,/
2023-12-20T12:28:17.549Z,::1,5473,/
2023-12-20T12:28:17.550Z,::1,5073,/
2023-12-20T12:28:17.550Z,::1,5673,/
2023-12-20T12:28:17.529Z,::1,5673,/
2023-12-20T12:28:17.529Z,::1,5773,/
2023-12-20T12:28:17.655Z,::1,5173,/
2023-12-20T12:28:17.670Z,::1,5073,/
2023-12-20T12:28:17.684Z,::1,5073,/
2023-12-20T12:28:17.685Z,::1,5673,/
2023-12-20T12:28:17.685Z,::1,5873,/
2023-12-20T12:28:17.685Z,::1,5773,/
2023-12-20T12:28:17.686Z,::1,5573,/
2023-12-20T12:28:17.686Z,::1,5273,/
2023-12-20T12:28:17.686Z,::1,5773,/
2023-12-20T12:28:17.686Z,::1,5873,/
2023-12-20T12:28:17.686Z,::1,5473,/
2023-12-20T12:28:17.687Z,::1,5673,/
2023-12-20T12:28:17.687Z,::1,5973,/
2023-12-20T12:28:17.690Z,::1,5173,/
2023-12-20T12:28:17.692Z,::1,5673,/
2023-12-20T12:28:17.692Z,::1,5373,/
2023-12-20T12:28:17.693Z,::1,5073,/
2023-12-20T12:28:17.693Z,::1,5073,/
2023-12-20T12:28:17.693Z,::1,5473,/
2023-12-20T12:28:17.693Z,::1,5473,/
2023-12-20T12:28:17.693Z,::1,5173,/
2023-12-20T12:28:17.694Z,::1,5173,/
2023-12-20T12:28:17.694Z,::1,5673,/
2023-12-20T12:28:17.694Z,::1,5873,/
2023-12-20T12:28:17.694Z,::1,5673,/
2023-12-20T12:28:17.695Z,::1,5573,/
2023-12-20T12:28:17.695Z,::1,5473,/
2023-12-20T12:28:17.695Z,::1,5073,/
2023-12-20T12:28:17.695Z,::1,5673,/
2023-12-20T12:28:17.695Z,::1,5173,/
2023-12-20T12:28:17.695Z,::1,5273,/
2023-12-20T12:28:17.696Z,::1,5173,/
2023-12-20T12:28:17.696Z,::1,5673,/
2023-12-20T12:28:17.696Z,::1,5473,/
2023-12-20T12:28:17.696Z,::1,5673,/
2023-12-20T12:28:17.696Z,::1,5273,/
2023-12-20T12:28:17.697Z,::1,5673,/
2023-12-20T12:28:17.700Z,::1,5673,/
2023-12-20T12:28:17.700Z,::1,5873,/
2023-12-20T12:28:17.700Z,::1,5873,/
2023-12-20T12:28:17.701Z,::1,5173,/
2023-12-20T12:28:17.701Z,::1,5373,/
2023-12-20T12:28:17.701Z,::1,5373,/
2023-12-20T12:28:17.701Z,::1,5173,/
2023-12-20T12:28:17.702Z,::1,5773,/
2023-12-20T12:28:17.702Z,::1,5473,/
2023-12-20T12:28:17.702Z,::1,5573,/
2023-12-20T12:28:17.702Z,::1,5473,/
2023-12-20T12:28:17.702Z,::1,5373,/
2023-12-20T12:28:17.702Z,::1,5573,/
2023-12-20T12:28:17.703Z,::1,5373,/
2023-12-20T12:28:17.703Z,::1,5173,/
2023-12-20T12:28:17.703Z,::1,5473,/
2023-12-20T12:28:17.703Z,::1,5973,/
2023-12-20T12:28:17.703Z,::1,5473,/
2023-12-20T12:28:17.703Z,::1,5673,/
2023-12-20T12:28:17.704Z,::1,5473,/
2023-12-20T12:28:17.704Z,::1,5973,/
2023-12-20T12:28:17.704Z,::1,5273,/
2023-12-20T12:28:17.704Z,::1,5473,/
2023-12-20T12:28:17.704Z,::1,5173,/
2023-12-20T12:28:17.704Z,::1,5973,/
2023-12-20T12:28:17.705Z,::1,5073,/
2023-12-20T12:28:17.705Z,::1,5973,/
2023-12-20T12:28:17.705Z,::1,5773,/
2023-12-20T12:28:17.705Z,::1,5573,/
2023-12-20T12:28:17.705Z,::1,5973,/
2023-12-20T12:28:17.705Z,::1,5473,/
2023-12-20T12:28:17.706Z,::1,5673,/
2023-12-20T12:28:17.706Z,::1,5973,/
2023-12-20T12:28:17.706Z,::1,5273,/
2023-12-20T12:28:17.706Z,::1,5873,/
2023-12-20T12:28:17.706Z,::1,5273,/
2023-12-20T12:28:17.706Z,::1,5973,/
2023-12-20T12:28:17.707Z,::1,5673,/
2023-12-20T12:28:17.707Z,::1,5073,/
2023-12-20T12:28:17.707Z,::1,5273,/
2023-12-20T12:28:17.707Z,::1,5273,/
2023-12-20T12:28:17.707Z,::1,5473,/
2023-12-20T12:28:17.707Z,::1,5573,/
2023-12-20T12:28:17.708Z,::1,5673,/
2023-12-20T12:28:17.708Z,::1,5173,/
2023-12-20T12:28:17.708Z,::1,5973,/
2023-12-20T12:28:17.708Z,::1,5673,/
2023-12-20T12:28:17.708Z,::1,5473,/
2023-12-20T12:28:17.708Z,::1,5873,/
2023-12-20T12:28:17.709Z,::1,5873,/
2023-12-20T12:28:17.709Z,::1,5673,/
2023-12-20T12:28:17.709Z,::1,5073,/
2023-12-20T12:28:17.709Z,::1,5273,/
2023-12-20T12:28:17.709Z,::1,5573,/
2023-12-20T12:28:17.709Z,::1,5173,/
2023-12-20T12:28:17.710Z,::1,5473,/
2023-12-20T12:28:17.710Z,::1,5673,/
2023-12-20T12:28:17.710Z,::1,5873,/
2023-12-20T12:28:17.710Z,::1,5673,/
2023-12-20T12:28:17.710Z,::1,5873,/
2023-12-20T12:28:17.710Z,::1,5073,/
2023-12-20T12:28:17.711Z,::1,5973,/
2023-12-20T12:28:17.711Z,::1,5973,/
2023-12-20T12:28:17.711Z,::1,5873,/
2023-12-20T12:28:17.711Z,::1,5473,/
2023-12-20T12:28:17.711Z,::1,5573,/
2023-12-20T12:28:17.714Z,::1,5973,/
2023-12-20T12:28:17.716Z,::1,5673,/
2023-12-20T12:28:17.716Z,::1,5273,/
2023-12-20T12:28:17.716Z,::1,5573,/
2023-12-20T12:28:17.717Z,::1,5873,/
2023-12-20T12:28:17.717Z,::1,5073,/
2023-12-20T12:28:17.717Z,::1,5273,/
2023-12-20T12:28:17.717Z,::1,5473,/
2023-12-20T12:28:17.717Z,::1,5973,/
2023-12-20T12:28:17.717Z,::1,5573,/
2023-12-20T12:28:17.718Z,::1,5073,/
2023-12-20T12:28:17.718Z,::1,5873,/
2023-12-20T12:28:17.718Z,::1,5373,/
2023-12-20T12:28:17.718Z,::1,5273,/
2023-12-20T12:28:17.718Z,::1,5173,/
2023-12-20T12:28:17.718Z,::1,5873,/
2023-12-20T12:28:17.719Z,::1,5073,/
2023-12-20T12:28:17.719Z,::1,5273,/
2023-12-20T12:28:17.719Z,::1,5573,/
2023-12-20T12:28:17.719Z,::1,5473,/
2023-12-20T12:28:17.719Z,::1,5673,/
2023-12-20T12:28:17.719Z,::1,5273,/
2023-12-20T12:28:17.720Z,::1,5673,/
2023-12-20T12:28:17.720Z,::1,5073,/
2023-12-20T12:28:17.720Z,::1,5173,/
2023-12-20T12:28:17.791Z,::1,5973,/
2023-12-20T12:28:17.793Z,::1,5473,/
2023-12-20T12:28:17.793Z,::1,5473,/
2023-12-20T12:28:17.793Z,::1,5473,/
2023-12-20T12:28:17.793Z,::1,5373,/
2023-12-20T12:28:17.794Z,::1,5873,/
2023-12-20T12:28:17.793Z,::1,5173,/
2023-12-20T12:28:17.794Z,::1,5273,/
2023-12-20T12:28:17.794Z,::1,5773,/
2023-12-20T12:28:17.794Z,::1,5473,/
2023-12-20T12:28:17.793Z,::1,5873,/
2023-12-20T12:28:17.794Z,::1,5573,/
2023-12-20T12:28:17.794Z,::1,5773,/
2023-12-20T12:28:17.792Z,::1,5073,/
2023-12-20T12:28:17.795Z,::1,5773,/
2023-12-20T12:28:17.795Z,::1,5673,/
2023-12-20T12:28:17.795Z,::1,5373,/
2023-12-20T12:28:17.796Z,::1,5273,/
2023-12-20T12:28:17.796Z,::1,5973,/
2023-12-20T12:28:17.796Z,::1,5673,/
2023-12-20T12:28:17.796Z,::1,5173,/
2023-12-20T12:28:17.795Z,::1,5673,/
2023-12-20T12:28:17.796Z,::1,5473,/
2023-12-20T12:28:17.797Z,::1,5273,/
2023-12-20T12:28:17.797Z,::1,5073,/
2023-12-20T12:28:17.797Z,::1,5473,/
2023-12-20T12:28:17.797Z,::1,5873,/
2023-12-20T12:28:17.797Z,::1,5273,/
2023-12-20T12:28:17.797Z,::1,5073,/
2023-12-20T12:28:17.796Z,::1,5873,/
2023-12-20T12:28:17.796Z,::1,5873,/
2023-12-20T12:28:17.797Z,::1,5673,/
2023-12-20T12:28:17.798Z,::1,5673,/
2023-12-20T12:28:17.798Z,::1,5273,/
2023-12-20T12:28:17.798Z,::1,5573,/
2023-12-20T12:28:17.798Z,::1,5173,/
2023-12-20T12:28:17.798Z,::1,5673,/
2023-12-20T12:28:17.799Z,::1,5173,/
2023-12-20T12:28:17.798Z,::1,5273,/
2023-12-20T12:28:17.798Z,::1,5173,/
2023-12-20T12:28:17.798Z,::1,5773,/
2023-12-20T12:28:17.803Z,::1,5873,/
2023-12-20T12:28:17.805Z,::1,5473,/
2023-12-20T12:28:17.805Z,::1,5673,/
2023-12-20T12:28:17.805Z,::1,5973,/
2023-12-20T12:28:17.806Z,::1,5873,/
2023-12-20T12:28:17.806Z,::1,5073,/
2023-12-20T12:28:17.806Z,::1,5173,/
2023-12-20T12:28:17.806Z,::1,5673,/
2023-12-20T12:28:17.806Z,::1,5073,/
2023-12-20T12:28:17.806Z,::1,5573,/
2023-12-20T12:28:17.806Z,::1,5473,/
2023-12-20T12:28:17.807Z,::1,5073,/
2023-12-20T12:28:17.807Z,::1,5973,/
2023-12-20T12:28:17.807Z,::1,5873,/
2023-12-20T12:28:17.807Z,::1,5873,/
2023-12-20T12:28:17.807Z,::1,5473,/
2023-12-20T12:28:17.807Z,::1,5873,/
2023-12-20T12:28:17.807Z,::1,5573,/
2023-12-20T12:28:17.807Z,::1,5473,/
2023-12-20T12:28:17.808Z,::1,5473,/
2023-12-20T12:28:17.808Z,::1,5073,/
2023-12-20T12:28:17.808Z,::1,5273,/
2023-12-20T12:28:17.808Z,::1,5773,/
2023-12-20T12:28:17.808Z,::1,5473,/
2023-12-20T12:28:17.808Z,::1,5473,/
2023-12-20T12:28:17.808Z,::1,5673,/
2023-12-20T12:28:17.809Z,::1,5073,/
2023-12-20T12:28:17.809Z,::1,5773,/
2023-12-20T12:28:17.809Z,::1,5473,/
2023-12-20T12:28:17.809Z,::1,5773,/
2023-12-20T12:28:17.809Z,::1,5373,/
2023-12-20T12:28:17.809Z,::1,5673,/
2023-12-20T12:28:17.810Z,::1,5873,/
2023-12-20T12:28:17.810Z,::1,5773,/
2023-12-20T12:28:17.810Z,::1,5073,/
2023-12-20T12:28:17.810Z,::1,5673,/
2023-12-20T12:28:17.810Z,::1,5973,/
2023-12-20T12:28:17.810Z,::1,5873,/
2023-12-20T12:28:17.810Z,::1,5073,/
2023-12-20T12:28:17.810Z,::1,5973,/
2023-12-20T12:28:17.811Z,::1,5173,/
2023-12-20T12:28:17.811Z,::1,5673,/
2023-12-20T12:28:17.811Z,::1,5273,/
2023-12-20T12:28:17.811Z,::1,5273,/
2023-12-20T12:28:17.811Z,::1,5273,/
2023-12-20T12:28:17.811Z,::1,5273,/
2023-12-20T12:28:17.811Z,::1,5973,/
2023-12-20T12:28:17.811Z,::1,5373,/
2023-12-20T12:28:17.812Z,::1,5373,/
2023-12-20T12:28:17.812Z,::1,5173,/
2023-12-20T12:28:17.812Z,::1,5473,/
2023-12-20T12:28:17.812Z,::1,5773,/
2023-12-20T12:28:17.812Z,::1,5273,/
2023-12-20T12:28:17.812Z,::1,5473,/
2023-12-20T12:28:17.812Z,::1,5773,/
2023-12-20T12:28:17.813Z,::1,5173,/
2023-12-20T12:28:17.813Z,::1,5173,/
2023-12-20T12:28:17.813Z,::1,5473,/
2023-12-20T12:28:17.813Z,::1,5773,/
2023-12-20T12:28:17.813Z,::1,5473,/
2023-12-20T12:28:17.813Z,::1,5973,/
2023-12-20T12:28:17.813Z,::1,5873,/
2023-12-20T12:28:17.813Z,::1,5473,/
2023-12-20T12:28:17.814Z,::1,5473,/
2023-12-20T12:28:17.814Z,::1,5473,/
2023-12-20T12:28:17.814Z,::1,5673,/
2023-12-20T12:28:17.814Z,::1,5773,/
2023-12-20T12:28:17.814Z,::1,5473,/
2023-12-20T12:28:17.814Z,::1,5173,/
2023-12-20T12:28:17.814Z,::1,5073,/
2023-12-20T12:28:17.814Z,::1,5173,/
2023-12-20T12:28:17.815Z,::1,5773,/
2023-12-20T12:28:17.815Z,::1,5073,/
2023-12-20T12:28:17.815Z,::1,5073,/
2023-12-20T12:28:17.815Z,::1,5173,/
2023-12-20T12:28:17.815Z,::1,5373,/
2023-12-20T12:28:17.815Z,::1,5073,/
2023-12-20T12:28:17.815Z,::1,5673,/
2023-12-20T12:28:17.816Z,::1,5473,/
2023-12-20T12:28:17.816Z,::1,5673,/
2023-12-20T12:28:17.816Z,::1,5173,/
2023-12-20T12:28:17.817Z,::1,5373,/
2023-12-20T12:28:17.820Z,::1,5973,/
2023-12-20T12:28:17.820Z,::1,5873,/
2023-12-20T12:28:17.820Z,::1,5473,/
2023-12-20T12:28:17.821Z,::1,5473,/
2023-12-20T12:28:17.823Z,::1,5473,/
2023-12-20T12:28:17.872Z,::1,5373,/
2023-12-20T12:28:17.875Z,::1,5173,/
2023-12-20T12:28:17.875Z,::1,5273,/
2023-12-20T12:28:17.875Z,::1,5473,/
2023-12-20T12:28:17.876Z,::1,5173,/
2023-12-20T12:28:17.876Z,::1,5473,/
2023-12-20T12:28:17.877Z,::1,5873,/
2023-12-20T12:28:17.877Z,::1,5073,/
2023-12-20T12:28:17.877Z,::1,5173,/
2023-12-20T12:28:17.877Z,::1,5473,/
2023-12-20T12:28:17.877Z,::1,5673,/
2023-12-20T12:28:17.878Z,::1,5373,/
2023-12-20T12:28:17.878Z,::1,5273,/
2023-12-20T12:28:17.878Z,::1,5773,/
2023-12-20T12:28:17.878Z,::1,5773,/
2023-12-20T12:28:17.878Z,::1,5273,/
2023-12-20T12:28:17.885Z,::1,5773,/
2023-12-20T12:28:17.890Z,::1,5673,/
2023-12-20T12:28:17.890Z,::1,5273,/
2023-12-20T12:28:17.890Z,::1,5273,/
2023-12-20T12:28:17.891Z,::1,5873,/
2023-12-20T12:28:17.891Z,::1,5173,/
2023-12-20T12:28:17.891Z,::1,5873,/
2023-12-20T12:28:17.891Z,::1,5173,/
2023-12-20T12:28:17.891Z,::1,5273,/
2023-12-20T12:28:17.892Z,::1,5573,/
2023-12-20T12:28:17.892Z,::1,5073,/
2023-12-20T12:28:17.892Z,::1,5273,/
2023-12-20T12:28:17.892Z,::1,5273,/
2023-12-20T12:28:17.892Z,::1,5073,/
2023-12-20T12:28:17.892Z,::1,5773,/
2023-12-20T12:28:17.893Z,::1,5073,/
2023-12-20T12:28:17.873Z,::1,5473,/
2023-12-20T12:28:17.893Z,::1,5673,/
2023-12-20T12:28:17.874Z,::1,5573,/
2023-12-20T12:28:17.874Z,::1,5073,/
2023-12-20T12:28:17.893Z,::1,5473,/
2023-12-20T12:28:17.893Z,::1,5473,/
2023-12-20T12:28:17.893Z,::1,5273,/
2023-12-20T12:28:17.893Z,::1,5473,/
2023-12-20T12:28:17.894Z,::1,5973,/
2023-12-20T12:28:17.894Z,::1,5473,/
2023-12-20T12:28:17.894Z,::1,5073,/
2023-12-20T12:28:17.894Z,::1,5473,/
2023-12-20T12:28:17.894Z,::1,5573,/
2023-12-20T12:28:17.895Z,::1,5273,/
2023-12-20T12:28:17.895Z,::1,5473,/
2023-12-20T12:28:17.895Z,::1,5273,/
2023-12-20T12:28:17.895Z,::1,5673,/
2023-12-20T12:28:17.895Z,::1,5673,/
2023-12-20T12:28:17.894Z,::1,5173,/
2023-12-20T12:28:17.894Z,::1,5073,/
2023-12-20T12:28:17.895Z,::1,5773,/
2023-12-20T12:28:18.188Z,::1,5073,/
2023-12-20T12:28:18.193Z,::1,5573,/
2023-12-20T12:28:18.193Z,::1,5873,/
2023-12-20T12:28:18.194Z,::1,5873,/
2023-12-20T12:28:18.194Z,::1,5173,/
2023-12-20T12:28:18.195Z,::1,5773,/
2023-12-20T12:28:18.195Z,::1,5573,/
2023-12-20T12:28:18.195Z,::1,5273,/
2023-12-20T12:28:18.195Z,::1,5773,/
2023-12-20T12:28:18.195Z,::1,5073,/
2023-12-20T12:28:18.196Z,::1,5373,/
2023-12-20T12:28:18.196Z,::1,5173,/
2023-12-20T12:28:18.196Z,::1,5773,/
2023-12-20T12:28:18.197Z,::1,5373,/
2023-12-20T12:28:18.197Z,::1,5573,/
2023-12-20T12:28:18.197Z,::1,5473,/
2023-12-20T12:28:18.197Z,::1,5273,/
2023-12-20T12:28:18.197Z,::1,5973,/
2023-12-20T12:28:18.205Z,::1,5773,/
2023-12-20T12:28:18.206Z,::1,5673,/
2023-12-20T12:28:18.206Z,::1,5673,/
2023-12-20T12:28:18.206Z,::1,5573,/
2023-12-20T12:28:18.207Z,::1,5573,/
2023-12-20T12:28:18.207Z,::1,5273,/
2023-12-20T12:28:18.207Z,::1,5873,/
2023-12-20T12:28:18.207Z,::1,5573,/
2023-12-20T12:28:18.208Z,::1,5173,/
2023-12-20T12:28:18.208Z,::1,5273,/
2023-12-20T12:28:18.209Z,::1,5673,/
2023-12-20T12:28:18.209Z,::1,5373,/
2023-12-20T12:28:18.222Z,::1,5673,/
2023-12-20T12:28:18.231Z,::1,5173,/
2023-12-20T12:28:18.231Z,::1,5173,/
2023-12-20T12:28:18.232Z,::1,5073,/
2023-12-20T12:28:18.233Z,::1,5073,/
2023-12-20T12:28:18.233Z,::1,5873,/
2023-12-20T12:28:18.234Z,::1,5673,/
2023-12-20T12:28:18.234Z,::1,5073,/
2023-12-20T12:28:18.234Z,::1,5273,/
2023-12-20T12:28:18.235Z,::1,5873,/
2023-12-20T12:28:18.235Z,::1,5373,/
2023-12-20T12:28:18.235Z,::1,5673,/
2023-12-20T12:28:18.235Z,::1,5173,/
2023-12-20T12:28:18.235Z,::1,5373,/
2023-12-20T12:28:18.236Z,::1,5673,/
2023-12-20T12:28:18.236Z,::1,5173,/
2023-12-20T12:28:18.236Z,::1,5173,/
2023-12-20T12:28:18.236Z,::1,5673,/
2023-12-20T12:28:18.237Z,::1,5173,/
2023-12-20T12:28:18.237Z,::1,5573,/
2023-12-20T12:28:18.237Z,::1,5273,/
2023-12-20T12:28:18.237Z,::1,5673,/
2023-12-20T12:28:18.237Z,::1,5773,/
2023-12-20T12:28:18.237Z,::1,5273,/
2023-12-20T12:28:18.237Z,::1,5773,/
